full_text,created_at
world health organization inilah sumber bencana kemarin demokrat genk zuckeberg bill gates habis   kasi dana cuma bikin virus jualan vaksin,Thu Feb 27 09:02:18 +0000 2025
bill gates seorang filantropis dermawan big   manusia ambisius culas licik tipikal sifat asli seorang zionis ingat negara dia sumbang target marketnya informasi teknologi produk vaksin indonesia salah satu target besarnya,Wed Feb 26 01:22:01 +0000 2025
jangan percaya sama orang selama akhir zaman datang banyak ajaran sesat bencana peperangan lain orang pengen manusia mati pada hidup uang melalui pandemi chip vaksin,Sun Feb 23 07:22:17 +0000 2025
nyata tidak   akui pemerintah   negara tingkat kebodohan   atas indonesia sangat mudah pemerintah budi gunadi sadikin dan bill gates membuat tipuan tipuan mengaburkan data kecelakaan akibat vaksin,Sun Feb 23 00:15:50 +0000 2025
biang kerok pandemi vaksin dia setuju soal kecerdasan buatan chip ditubuh hingga nuklir diadakan lihat kasus covid vaksin dia yang membiayai semuanya,Thu Feb 20 15:12:34 +0000 2025
yang bilang namanya graphene oxide kan program   bill gates bill gates pernah bilang efek samping vaksin terlihat tahun   depan   sudah lebih tahun hasilnya gangguan psikologis dulu aku videonya soal bill gates tapi kehapus,Sun Feb 16 07:58:03 +0000 2025
oktober bill gates kucurkan dana   biofarma bikin vaksin polio novel oral poliomyelitis vaccine,Tue Feb 11 22:15:38 +0000 2025
vaksin covid microchip buatan bill gates,Sun Feb 09 17:49:44 +0000 2025
blessing   disguise usaid dihentikan sgh dana propaganda maling penipu vaksin lumpuh punya duit pantes bajingan bill gates nangis nangis,Sun Feb 09 14:41:14 +0000 2025
merasa jadi tuhan segalanya dia atur karena punya uang banyak inget pesan mantan menteri kesehatan jangan beli vaksin bill gates pesan kerasnya mantan menteri kesehatan,Sun Feb 09 10:11:18 +0000 2025
kasih tau bapak prabowo usaid merupakan kontributor utama inisiatif vaksin internasional bill gates aliansi gavi sejak didirikan   tahun kak gavi gates salah penerima suap   hibah usaid teratas   cmiiw yes kak,Sat Feb 08 16:58:08 +0000 2025
jangan bersandiwara sendiri membunuh manusia membuat wabah virus melalui vaksin lihat wabah covid vaksin bukannya sembuh banyak orang gampng terserang penyakit balik modal selama ini dia menyuap semua pejabat,Fri Feb 07 11:35:33 +0000 2025
kalau bersifat negatif merencanakan wabah vaksin berupa virus akan mendanai penting uang seperti merencanakan covid vaksin orang   vaksin banyak orang gampang sakit bahkan meninggal mendadak,Fri Feb 07 11:32:22 +0000 2025
vaksin diberikan foundation lebih banyak orang sakit dia merencanakan covid vaksin sama membunuh orang hingga monkeypox,Fri Feb 07 11:31:02 +0000 2025
oktober vaksin novel oral poliomyelitis vaccine merupakan hasil kerjasama bio farma indonesia bill gates foundation bmgf path world health organization bio farma indonesia kini menjadi supplier utama referensi sampling strain poliovirus seluruh dunia,Fri Feb 07 03:57:28 +0000 2025
banyak pejabat lebih takut sama karena mengatur pejabat siapapun bisnis ilegal sukses covid vaksin kecerdasan buatan monkeypox hmpv lain hingga nuklir tanda kiamat kian dekat bill gates langsung tunjuk indonesia,Sat Feb 01 17:41:54 +0000 2025
pengadilan vaksin tetes polio baru bill gates novel oral poliomyelitis vaccine ijin mulia vaksin novel oral poliomyelitis vaccine world health organization jadi dokumen pengadaan pendanaan ada   karena vaksin kita dapat world health organization dari biofarma poin,Thu Jan 30 02:27:56 +0000 2025
bulan oktober bill gates mengumumkan miliar mengakhiri polio   afrika tepat bulan kemudian kasus polio   afrika meledak vaksin oral baru didanai bill gates,Thu Jan 30 02:19:24 +0000 2025
bill gates susun perintah eksekutif jadikan keraguan vaksin tindak pidana   amerika   presiden     bapak,Wed Jan 29 12:13:46 +0000 2025
bill gates tertangkap kamera mengakui vaksin eksperimen buatannya mengubah dna selamanya,Tue Jan 28 09:58:34 +0000 2025
pikir pake otak jangan cuman banyak berbicara apa kamu salah satu dokter orang menerima uang haram dokter bill gates   otak nya bebal skali karna kebanyakan vaksin,Sat Jan 25 12:41:05 +0000 2025
aku tau apa bill gates kawan kawan bodoh beneran liat mereka hidup   gelembung kecilnya sendiri tidak melihat masalahnya   negara sendiri emang kebutuhan menjual vaksin,Sat Jan 25 02:53:48 +0000 2025
world health organization cuma cecungut bill gates salah satumerupakan donatur terbesar jual vaksin,Wed Jan 22 15:22:26 +0000 2025
intinya semua dikarenakan keterlibatan globalis sana donald trump sangat curiga bill gates atas ini satu rrc malah terlibat membuat vaksin berbahaya,Wed Jan 22 04:35:50 +0000 2025
semua bisnis ada benar menciptakan wabah vaksin ini tidak memikirkan soal teknologi lebih memuja setan dripd menyembah tuhan yesus,Mon Jan 20 15:51:34 +0000 2025
april bill melinda gates entrusts new polio vaccine development   bio farma indonesia novel oral poliomyelitis vaccine bill melinda gates percayakan pengembangan vaksin polio baru biofarma indonesia novel oral poliomyelitis vaccine,Sun Jan 19 21:19:46 +0000 2025
exactly hanya virus ada   komputer satan bill gates menipu umat manusia seluruh dunia ingin menerima senjata biologis vaksin,Fri Jan 10 05:09:51 +0000 2025
profesor jerman bicara vaksin covid membahayakan silahkan simak vidio menteri kesehatan titipan bill gates   usut telah membahayakan rakyat,Wed Jan 08 00:38:15 +0000 2025
vaksin covid kemarin orang barat kayak aids tll ngefek orang timur sesederhana bill gates orang barat lebih punya banyak data dna orang barat pada orang timur tidak menutup kmgknan virus   vaksin terus dikembangkan hingga tidak pandang genetik sama parahnya,Tue Jan 07 23:56:16 +0000 2025
suntik bill gates vaksin buatan sendiri,Tue Jan 07 03:59:36 +0000 2025
ingat   gays kemenkes itu board membernya gavi punyanya bill gates jualan vaksin jadi konflik kepentingan tuh pasang kaki jangan dibegoin,Tue Jan 07 03:09:57 +0000 2025
aku akan vaksin akan aku jadi sumber uang buat kaum elit globalist khususnya buat bill gates kaya,Mon Jan 06 07:52:02 +0000 2025
pedagang vaksin bersksi hallo bill gates   friends,Sat Jan 04 02:26:22 +0000 2025
sama soros india sama sama pemuja israel mukidi selain sales kendaraan china sales vaksin bill gates,Thu Jan 02 05:17:23 +0000 2025
sipenjual vaksin anak buah bill gates,Wed Jan 01 10:40:12 +0000 2025
moderna vaksin covid sama food and drug administration kecolongan berani menghabisi pabrik vaksin moderna milik oligarki amerika bill gates  ,Wed Apr 23 13:51:32 +0000 2025
vaksin dikembangkan glaxosmithkline kemitraan inisiatif vaksin malaria path didanai organisasi yayasan bill melinda gates menawarkan perlindungan parsial plasmodium falciparum parasit malaria paling mematikan lazim  ,Tue Apr 22 01:10:24 +0000 2025
niat baik bill gates niat baik banyak korban   afrika berkat vaksin mematikan nya niat baik rosthchild rockfeller foundation program nya mempersempit umat manusia menjadi juta orang,Thu Apr 10 15:37:41 +0000 2025
bill gates keluarganya pernah pakai masker pernah   vaksin sekeluarga sehat hingga sekarang luhut dan banyak tokoh jahat   dunia memproklamirkan covid sehat saja bodoh dibodohi mereka berfikir seblm ikuti saran dokter,Thu Apr 10 08:07:34 +0000 2025
ramalan adalah rencana jahat covid vaksin kecerdasan buatan   uang ajaran tidak benar bill gates ramal manusia tak dibutuhkan   pekerjaan sumber consumer news and business channel indonesia,Tue Apr 08 17:37:50 +0000 2025
sijil vaksin   zaman uthmaniyyah awal dikeluarkan   istanbul sumber bahtiyar sahaf sijil vaksodom   zaman uthmaniyyah awal dikeluarkan   istanbul bill gates   travel back   time   year   vaksodom the ottomans,Tue Apr 08 14:32:51 +0000 2025
kecerdasan buatan dibuat manusia manusia tercipta tuhan yesus pengusaha selalu membuat manusia berkurang dibuatlah virus vaksin manusia cepat mati menderita,Sun Apr 06 17:12:52 +0000 2025
ada bukti kredibel bill gates berperan menyebabkan pandemi covid yayasan gates mendanai respons global vaksin teori konspirasi mengaitkannya asal pandemi berdasar virus kemungkinan berasal alam bukan buatan gates,Sat Mar 29 21:29:09 +0000 2025
setuju grok teori konspirasi bill gates yayasannya mengendalikan populasi melalui rekayasa genetika berdasar penelitian menunjukkan fokus adalah kesehatan global vaksin pemberantasan penyakit bukan manipulasi genetik,Wed Mar 19 22:20:57 +0000 2025
teori konspirasi bill and melinda gates foundation mengendalikan kesehatan rekayasa genetik membuat kaum jadi idiot budak globalis didukung bukti kredibel yayasan fokus kesehatan global vaksin eradikasi penyakit bukan,Wed Mar 19 22:19:56 +0000 2025
sania nishtar ceo gavi aliansi vaksin bill gates mengucapkan terima kasih para donatur   forum wef berjanji melakukan vaksinasi lebih banyak lebih cepat   tahun,Mon Mar 17 12:12:05 +0000 2025
global alliance for vaccines and immunization sania nishtar ceo gavi aliansi vaksin bill gates mengucapkan terima kasih para donatur   forum wef berjanji melakukan vaksinasi lebih banyak lebih cepat   tahun,Sun Mar 16 22:19:09 +0000 2025
bill gates memberikan uang mendukung program demografi dalih kesehatan anthony fauci mengawasi penggeledahan ilegal berbohong publik menutupi kematian akibat vaksin,Wed Mar 12 18:15:36 +0000 2025
terungkap bill gates bayar jutaan united states dollar   media promosi vaksin tutupi bahayanya dulu hoax kini fakta,Tue Mar 11 00:25:20 +0000 2025
menginvestasikan lebih miliar dolar vaksinasi selama dekade terakhir adalah investasi terbaik pernah buat lebih juta orang telah terluka dibunuh vaksin covid didukung bill gates dokter fauci,Mon Mar 10 02:03:10 +0000 2025
bill gates terobsesi isu pandemic vaksin corona virus spread over industri farmasi dibawah foundationnya untung besar filantropis masih mengisyaratkan adanya ancaman pandemi lainnya wow,Mon Mar 03 23:50:02 +0000 2025
penyakit dibikin dong ngerti emang kemarin sengaja punya satu dunia disuruh divax satu virus sengaja bill gates prediksi yah sangat banyak duitnya sudah invest pabrik vaksin tidak ada virus tidak uang,Mon Mar 03 10:00:10 +0000 2025
halah hoax   singapore malaysia fine fine kok pengalihan isu atau jualan vaksin buatan bill gates gathel gathel pemerintah tolol,Sun Jun 29 02:41:42 +0000 2025
  bill gates dateng   indoneisa jualan vaksin,Sun Jun 29 02:38:03 +0000 2025
sejenis sama vaksin bill gates feat prabowo,Sat Jun 28 15:57:35 +0000 2025
membekukan semua dana milik deep state medis baru terputus rfk   mencabutnya benteng vaksin global milik bill gates gavi habis   bawah pemerintahan baru presiden,Sat Jun 28 00:45:36 +0000 2025
inilah keinginan bill gates elite global manusia berkurang cara virus berupa vaksin wabah buatan nyamuk buatan krisis baru hantam dunia manusia   ambang kehancuran,Fri Jun 27 10:07:22 +0000 2025
rela merogoh kocek sampe ratusan triliun mensukseskan kecerdasan buatan chip robot cara membuat wabah virus vaksin mencari sasaran bisa disuap orang mampu bill gates ungkap pekerjaan kebal pengaruh kecerdasan buatan,Fri Jun 27 10:02:38 +0000 2025
benar kata untuk mensukseskan kecerdasan buatan membuat wabah covid virus berupa vaksin manusia berkurang menderita pekerjaan paling kebal kecerdasan buatan bill gates,Fri Jun 27 04:14:45 +0000 2025
buat sahabat ingin jadi kelinci percobaan vaksin bill gates beware becarefull,Thu Jun 26 17:27:03 +0000 2025
anggota dewan perwakilan rakyat daerah jatim   mulah harun meminta pemerintah gegabah mengadopsi vaksin tuberkulosis bill gates   menekankan pentingnya data kajian transparan masyarakat menjadi objek pengujian coba,Wed Jun 25 10:23:53 +0000 2025
bundir mending ikut daftar salah satu peserta pengujian coba vaksi tuberkulosis bill gates vaksin lainnya malah lebih bermanfaat berguna kehidupan mungkin tubuhnya dijadikan kadaver fakultas kedokteran itu,Wed Jun 25 04:59:23 +0000 2025
istilah antek asing konteks merujuk kekhawatiran pengaruh asing bill melinda gates foundation   sektor kesehatan indonesia khususnya vaksinasi yayasan gates mendukung produksi vaksin polio pengujian coba vaksin tuberkulosis dana lebih,Wed Jun 25 03:52:39 +0000 2025
namboru sedang nunggu antri suntik vaksin bill gates,Tue Jun 24 11:38:49 +0000 2025
kalau orang penganut konspirasi tuberkulosis naik karena bill gates ingin pengujian coba vaksin tuberkulosis,Tue Jun 24 10:36:59 +0000 2025
tanya sama kementerian kesehatannya wong menterinya melacur   bill gates buat bunuh warga dalih vaksin tuberkulosis,Tue Jun 24 05:00:02 +0000 2025
sejak masalah langsung bill gates turun   lapangan memberikan bantuan sekalian mempromosikan vaksin tuberkulosis wabah covid,Mon Jun 23 12:28:31 +0000 2025
pemilik sekolah pengusaha pemilik univ lain jangan memaksa anak didik karyawan disuntik vaksin tuberkulosis perintah pejabat tidak dipikirkan nyawa manusia dipikirkan uang bill gates orang memaksa karma berlipat ganda,Mon Jun 23 11:36:15 +0000 2025
indonesia tempat percobaan vaksin rakyat   jadikan kelinci percobaan pemerintah dana hibah berapa bill gates,Sun Jun 22 13:18:52 +0000 2025
instagram hentikan meracuni membuat sakit rakyat target bill gates membantai rakyat modus vaksin tuberkulosis juta dari nyawa rakyat indonesia,Sat Jun 21 22:35:37 +0000 2025
pada nakut nakutin bakalan kengerikan mending spread awareness macam begini dek kumpulkan uang dulu jangan hedon kamu tabung dana darurat kalau aman investasi kan duit kamu macam bill gates gaya hidup kamu jualan vaksin kamu,Sat Jun 21 17:40:58 +0000 2025
vaksin bill gates dia setujui bukunya indonesia bubar ntar cek gitu   agenda apa mereka rencanakan trhdp rakyat genosida lagi beserta scamdemic tidak dibunuh dijadikan transhumanism budak nurut setia trhdp fascist nwo,Sat Jun 21 08:17:24 +0000 2025
walah walah ngomong apa nih bikin bahaya situ terima uang   bill gates sebagian besar makan bergizi gratis vaksin prabowo,Sat Jun 21 04:56:05 +0000 2025
    dimulai kunjungan bill gates jubir gedung putih tamui prabowo sekoper uang denga dalil vaksin tuberkulosis,Sat Jun 21 00:55:57 +0000 2025
kira kira inikah hasil kunjungan bill gates tempo lalu juru bicara gedung putih belagak bawa uang vaksin tuberkulosis trick sampah berapa dollar diberikan masuk kantong siapa,Sat Jun 21 00:33:07 +0000 2025
kalau bill gates gus apa masuk oligargi penjual vaksin,Fri Jun 20 18:50:49 +0000 2025
kecerdasan buatan disukseskan ini elite global bill gates manusia dikurangi cara wabah buatan covid diawal bagus selanjutnya hancur,Fri Jun 20 09:21:47 +0000 2025
dunia digital laptop kayak bill gates bikin vaksin,Thu Jun 19 05:32:18 +0000 2025
vaksin tuberkulosis bill gates kalau disuntik bukan menyembuhkan kejang menambah penyakit lihat dari jarumnya bisnis pekerjaan benar akan ketahuan sama seprrti vaksin covid memperingati vaksin covid wabahnya direncanakan,Thu Jun 19 01:04:03 +0000 2025
ahlan wasahlan bill gates pembawa rahmah vaksin tuberkulosis,Wed Jun 18 22:06:17 +0000 2025
pengujian coba vaksin bill gates   padang wali kota akan siapkan keperluannya,Wed Jun 18 10:36:06 +0000 2025
akan punah makin membesar masalah kecerdasan buatan orang menyetujui kecerdasan buatan manusia akan hancur ini elite global bill gates membuat wabah vaksin berupa virus manusia berkurang,Tue Jun 17 16:26:14 +0000 2025
menurutnya stigma negatif seharusnya tidak jika pasien mengerti prinsip dasarnya pengobatan penyakit dia mengatakan pasien positif tuberkulosis seharusnya mengisolasi diri patuh pengobatan,Tue Jun 17 10:12:49 +0000 2025
presiden republik indonesia prabowo subiato sendiri merestui masuknya perusahaan farmasi gsk glaxosmithkline milik bill gates   indonesia salah satu lokasi melakukan pengujian coba vaksin   tuberkulosis,Tue Jun 17 10:07:03 +0000 2025
bill gates melalui perusahaan farmasi gsk glaxosmithkline mengembangkan vaksin       indonesia menjadi salah satu lokasi utama pengujian klinis vaksin   tuberkulosis sudah sejauh mana pengujian klinis vaksin   bill gates   indonesia thread,Tue Jun 17 10:05:58 +0000 2025
diri sendiri bertobat tuhan yesus jangan menyembah iblis atheis iblis memberikan kekayaan pekerjaan memutarbalikan firman tuhan jangan maen vaksin tuberkulosis uang membuat manusia menderita,Mon Jun 16 16:40:42 +0000 2025
perhatikan menteri kesehatan republik indonesia dokter rumah sakit pejabat lainnya uang bill gates rela mensukseskan covid vaksin covid tuberkulosis butuh orang bawah mereka semuanya sia jangan sampe tingkat kriminal phk meningkat bill gates,Mon Jun 16 15:46:32 +0000 2025
bakal rame ingat bill gates pengujian coba vaksin diindo jadi siap siap ada virus buatan vaksinnya laku dijual,Mon Jun 16 15:35:24 +0000 2025
bukan berarti vaksin   buatan bill gates beliau salah satu pendukung riset pengujian klinis fase kemudian melibatkan partisipan negara afrika selatan kenya zambia malawi indonesia,Mon Jun 16 15:20:57 +0000 2025
lihat bapak menteri kesehatan republik indonesia pejabat dokter pemilik rumah sakit apabila disetujui permainan bill gates soal vaksin tuberkulosis covid malah tambah parah kalian semuanya butuh orang bawah jangan sampe karma datang kedua kali kalian membuat rakyat menderita,Mon Jun 16 13:49:13 +0000 2025
vaksin bill gates misi bumi hangus tuberkulosis baca berita terkini mudah nyaman download aplikasi inilahcom   ios android via,Mon Jun 16 05:47:58 +0000 2025
apa   nih buzzer vaksin bill gates kamu admin,Mon Jun 16 05:03:36 +0000 2025
paling orang ormas bayaran fanatik buta kelompok penerima bantuan usaid ngebet banget ancurin negara lewat isu agama teriak adili jokowi tidak berani teriak adili yang memaksa vaksin palsu bill gates jangan sudah jadi zombie sistem boneka kecerdasan buatan yahudi,Thu Jun 12 17:11:56 +0000 2025
betul kak uncle bill gates sudah kaya dibela belain jualan vaksin kesini kurang apa coba,Thu Jun 12 14:28:23 +0000 2025
vaksin tuberkulosis bill gates harapan baru agenda global simak penjelasan pakar kesehatan dokter tjatur prijambodo   kes,Thu Jun 12 09:39:32 +0000 2025
buset orang menolong dicurigai bill gates bukan penderita tuberkulosis   negaranya tuberkulosis ingin mendanai vaksin penyakit tuberkulosis msh banyak penderitanya disini dicurigai tidak adakah sedikit rasa terimakasih orang,Thu Jun 12 08:42:00 +0000 2025
waspada pihak asing rakyat dijadikan budak vaksin iblis bill gates,Thu Jun 12 05:59:33 +0000 2025
yaa jangan pergi dulu atuh kan tes vaksin tuberkulosis bill gates bukannya bapak prabowo dah ngasih ijin tidak sopan banget disuruh pergi ngajak tempur,Thu Jun 12 02:53:38 +0000 2025
apaan oseng oseng asing ketemu makron sama bill gates tidak wibawanya kemarin rakyat dijual buat pengujian coba vaksin,Thu Jun 12 02:22:07 +0000 2025
terus   gendut antek siapa kerjasama sama bill gates buat vaksin tuberkulosis   indoneisa,Thu Jun 12 00:00:54 +0000 2025
rakyat melihat bill gates calon vaksin tuberkulosis nya juga kekuatan asing bapak beri karpet merah apa pov rakyat bapak berbeda,Wed Jun 11 22:48:14 +0000 2025
asing asing asing asing terus   bapak ndasmu vaksin tuberkulosis   bill gates kepentingan asing yang   approve   bapak asing asing wae,Wed Jun 11 13:01:03 +0000 2025
nyata   temen saya pikir pekerjaan pendidikan masih lumayan percaya hujan kemarin adalah hujan buatan tujuannya menyebar virus lewat chemtrail buat jual vaksin dokter bill gates,Wed Jun 11 10:47:03 +0000 2025
  dah gara bill gates coped muncul   indonesia ingin   vaksin jadinya dimatiin gitu   rakyat indonesia,Wed Jun 11 08:38:54 +0000 2025
loh kerjasama bill gates buat nyuntikin warganya pake vaksin tuberkulosis siapa emng anies justru   prabowo sama gerombolanya antek amerika njir,Wed Jun 11 07:46:03 +0000 2025
syarat badan penyelenggara jaminan sosial aktiv surat keterangan vaksin covid surat keterangan vaksin tuberkulosis bill gates fulus biar mulus,Wed Jun 11 03:31:58 +0000 2025
update korupsi laptop   kementerian pendidikan nasional kasihan   nadiem korban nya bill gates pantasan kemarin bill gates datang   indonesia ketemu prabowo pura ngasih vaksin tuberkulosis ada udang dibalik batu ngamuk windowsnya ngak   pake,Tue Jun 10 15:50:18 +0000 2025
sok anti asing giliran bill gates datang menawarkan hibah dana walaupun imbalannya harus menjual vaksin disambut penuh suka cita,Tue Jun 10 15:27:35 +0000 2025
indonesia sedang darurat penyakit polio tiba tiba lagi vaksin polio kalau vaksin tuberkulosis bill gates sangat keterlaluan pemerintah memaksa calon jemaah umroh   vaksin tuberkulosis dengan alasan polio,Tue Jun 10 15:09:45 +0000 2025
vaksin tuberkulosis bill gates bukan mencegah menambah penyakit lihat vaksin covid orang habis divaksin covid banyak orang bertambah penyakit jantung gagal ginjal kaki lain bill gates pengen berbuat supaya manusia berkurang sdgkan pejabat,Tue Jun 10 11:03:22 +0000 2025
hasil pengujian klinis fase   dipublikasikan new england journal   medicine menunjukkan efektivitas mencegah tuberkulosis aktif dewasa ltbi   afrika selatan ada vaksin yang menawarkan perlindungan spesifik tuberkulosis paru dewasa,Mon Jun 09 19:51:53 +0000 2025
haloo sibuk kasus penguasa pengusaha tambang merusak lingkungan menjadikan agenda penjual vaksin terlupakan jadi bill gates nyumbang ada maunya minta rakyat jadi kelinci percobaan sialnya republik indonesia bersedia,Mon Jun 09 16:12:27 +0000 2025
dih kalau punya uang banyak tidak sokong makan bergizi gratis pake uang nya beliau harus pake anggaran pendapatan belanja negara ampe defisit ampe tanda tangan perjanjian sama bill gates jadiin rakyat indonesia kelinci tumbal vaksin tuberkulosis nya diya,Mon Jun 09 11:59:44 +0000 2025
sekelas dokter         loh yang mempercayai seperti pantes siap menerima vaksin tuberkulosis bill gates ngakak puas,Mon Jun 09 02:34:02 +0000 2025
apa hubungannya campakin elu sama vaksin kamu gada hubungannya sama bill gates,Sun Jun 08 16:50:34 +0000 2025
mungkin sekarang jadi marketingnya vaksin bill gates,Sun Jun 08 14:36:07 +0000 2025
juga   vaksin pakai racun bill gates ambyaar indonesia,Sun Jun 08 03:23:10 +0000 2025
coba bapak prabowo terhormat makan bergizi gratis pake duit pribadi beliau biar defisit negara biar tanda tangan perjanjian sama bill gates jadi kelinci percobaan vaksin tuberkulosis banyak uang kan kata nya,Sun Jun 08 01:27:51 +0000 2025
begitu karna bisa debat faktual cara terbaiknya   matikan kaburkan isu berkembang ontak antek asing aseng padahal sendiri   antek asing nerima duit bill gates buat jadikan masyakarat kelinci percobaan vaksin,Sat Jun 07 23:16:34 +0000 2025
  jadi menerima bill gates vaksin tuberkulosis nya bukan antek asing paham,Sat Jun 07 07:32:08 +0000 2025
jangan lupa tuuh dapet sumbangan bill gates punya vaksin tuberkulosis,Sat Jun 07 07:19:54 +0000 2025
dikit nyalahin asing kedatangn bill gates vaksin tuberkulosis disambut suka cita bill gates kan bagian dokter dimaksud asing kan,Sat Jun 07 06:58:23 +0000 2025
rapat kerja katanya membahas evaluasi pemeriksaan kesehatan gratis anggota komisi   dewan perwakilan rakyat ahmad   yat malah ngomporin menteri kesehatan budi gunadi sadikin buat segera mewujudkan vaksin tuberkulosis konon milik bill gates   bill gates kalau embel embel bill gates,Sat Jun 07 00:24:11 +0000 2025
akibat chemtrail disemprot dokter langit kan ada jualan vaksin tuberkulosis dananya turun dokter bill gates,Fri Jun 06 23:33:55 +0000 2025
coba ngomong didepan bill gates kemarin mana berani rakyatnya rela buat dijadikan kelinci percobaan vaksin tuberkulosis,Fri Jun 06 19:33:22 +0000 2025
forum habaib ulama jatim tolak pengujian coba vaksin tuberkulosis bill gates desak pemerintah transparan libatkan masyarakat,Fri Jun 06 13:37:35 +0000 2025
prabowo menerima dana bill gates memperbolehkan pengujian coba vaksin tuberkulosis rakyat indonesia,Fri Jun 06 13:04:49 +0000 2025
bapak menteri menolak pengujian coba vaksin tuberkulosis   tua bangka bill gates indonesia raya gemah ripah loh jinawi rakyat jadi kelinci pengujian coba   kafir shame   you menteri kesehatan budi sadikin,Fri Jun 06 07:24:40 +0000 2025
  the way kalau dilihat program vaksin tuberkulosis aslinya berbahaya orang kira bill gates mulai dulu pengujian coba   indonesia indonesia dipandang negara cocok sistem kesehatan nya merata maksudku adanya puskesmas kecamatan,Fri Jun 06 06:16:11 +0000 2025
contoh subjek bagus coba disuntik kan vaksin tuberkulosis punya bill gates,Fri Jun 06 02:39:04 +0000 2025
kalau ada kata asing afdal     macron datang langsung bilang israel diakuin asing bukan bill gates datang langsung vaksin tuberkulosis langsung covid asing apa bukan bego yang dipiara kalau dikasih jangan diambil dikurangin dibuang kekeh banget sama bego teddy mana,Fri Jun 06 00:54:42 +0000 2025
elon kecewa mengira bill gates seorang filantropi sejati ternyata berorientasi uang sejak itu putus komunikasi lalu negera secara sukarela jadi pengujian coba vaksin nya bill gates,Thu Jun 05 21:38:49 +0000 2025
statement jelek ada korelasinya noh rela jadiin rakyatnya kelinci percobaan vaksin bill gates mendapatkan dana hibah tolol dipelihara,Thu Jun 05 16:55:12 +0000 2025
benarkah ikan lele penyebab gagal ginjal bansos peserta pengujian coba vaksin tuberkulosis bill gates manuver pesawat india jatuh tertembak pakistan cek top three hoax   the week pilihan beredar,Thu Jun 05 14:11:30 +0000 2025
tambahan pengujian klinik vaksin tuberkulosis   per mei proses rekrutmen partisipan pengujian klinik fase selesai total partisipan orang jadi bill gates datang bukan baru pengujian klinik,Thu Jun 05 09:53:02 +0000 2025
atur lah difazilitas lebuhpuun ngk apa president suite ngk jadi masalah penting vaksin tuberkulosis bill gates kalian terdepan,Thu Jun 05 09:11:32 +0000 2025
mikirnya skenario sengaja gitu covid lagi   bill gates kan wacana pengujian coba vaksin nglarisin,Thu Jun 05 09:04:35 +0000 2025
bill gates sja abis ksh uang jaminan rakyat jadi bahan percobaan vaksin,Thu Jun 05 06:17:40 +0000 2025
kerja menteri kesehatan nih bukan jadi kepanjangan tangan kang vaksin bill gates,Thu Jun 05 05:19:46 +0000 2025
bill gates amerika mungkin kasih vaksin tuberkulosis cuma cuma menolong support israel juga pebisnis siapa ingin rugi,Thu Jun 05 04:59:32 +0000 2025
datang bill gates saja terima vaksin tuberkulosis msh pengujian coba datang menhan china saja beli pesawat tempur murah   datang macron bilangnya palestina merdeka republik indonesia siap akui israel hadeuh,Thu Jun 05 04:21:46 +0000 2025
narasi   video tersebut kemungkinan besar dubbed bukan asli video berisi klaim sensasional vaksin bill gates tidak didukung bukti fact check menunjukkan pernyataan gates ted talk kesehatan pertumbuhan populasi disalahartikan,Thu Jun 05 04:18:56 +0000 2025
bill gates melalui gates foundation memberi uang triliun dapat ijin ujicoba vaksin tuberkulosis disambut disetujui bapak prabowo gembira gates foundation lsm asing bapak,Thu Jun 05 01:21:48 +0000 2025
bill gates pemain utama industri teknologi produk pertanian lahan pertaniannya mencakup sedikitnya negara bagian dikelola melalui perusahaan investasi miliknya cascade investment hingga produksi vaksin,Thu Jun 05 01:16:24 +0000 2025
mungkin gara gara nyobain vaksin tuberkulosis nya bill gates,Wed Jun 04 23:50:50 +0000 2025
efek vaksin bill gates nih,Wed Jun 04 22:25:08 +0000 2025
agenda apa bill gates sumbang vaksin,Wed Jun 04 18:15:19 +0000 2025
sudah saatnya nyebarin vaksin tuberkulosis bill gates dalih vaksin covid,Wed Jun 04 18:11:55 +0000 2025
covid singkatan certification   vaccine ini menteri kesehatan indonesia menunggu vaccine tuberkulosis selesai barulah dibilang semua manusia   vaksin inilah strategi panitia covid bisa kuncuran dana bill gates percayalah akan terkena karma keluarga oknum,Wed Jun 04 16:54:09 +0000 2025
vaksin bill gates kira cocok   nih buat pengujian coba penyembuhan,Wed Jun 04 16:24:33 +0000 2025
ooh buat pengujian coba vaksin dibawa bill gates bukan,Wed Jun 04 16:21:23 +0000 2025
sudah tahu rencana jahat yaitu wabah covid vaksin manusia berkurang gampang sakit mensukseskan kecerdasan buatan chip robot pltn rela mengeluarkan dana ribuan triliun menyogok pejabat media dokter organisasi dunia lain,Wed Jun 04 15:23:46 +0000 2025
vaksin nih pake   punya bill gates,Wed Jun 04 10:48:35 +0000 2025
suruh vaksin deh sama pemerintah vaksinnya yang bill gates,Wed Jun 04 10:33:54 +0000 2025
pengujian coba vaksin tuberkulosis bill gates   jokowi gimana,Wed Jun 04 10:02:01 +0000 2025
kebaca arahnya kemana media   bayar buat blow   issue covid biar pemerintah jual vaksin hasil deal kemarin sama bill gates   the way   united states   america sama eropa orang tidak percaya covid,Wed Jun 04 08:26:18 +0000 2025
bayar pajak setinggi langit dapat udara bersih tidak negara macam apa atau jangan memang dikondisikan gini banyak gejala pernapasan buat justifikasi vaksin tuberkulosis bill gates,Wed Jun 04 08:18:37 +0000 2025
suruh menteri kesehatan jadi kelinci percobaannya bill gates vaksin tuberkulosis muncul covid bukan tuberkulosis,Wed Jun 04 08:01:08 +0000 2025
tak perlu takut sejatinya ditakut takuti uang bisnis pandemi itu banyak jadi perlu pandemi dapat uang hitungan bill gates bisnis vaksin margin nya tembus   lipat,Wed Jun 04 07:32:38 +0000 2025
sales bill gates   menteri kesehatan   amrik   bill gates ditolak sama jfk   perihal vaksin tuberkulosis   menteri kesehatan malah ingin rakyat indoneisa dibikin kelinci percobaan vaksin bill gates dateng suruh naikin isu covid rakyat selalu ditakut  ,Wed Jun 04 05:49:52 +0000 2025
beneran covid apa buat pengujian coba vaksin bill gates,Wed Jun 04 03:42:25 +0000 2025
penyakit apaan kemungkinan sembuh brp menular apa perlu vaksin tuberkulosis bill gates quote lek screenshot this jon save nyuk screenshot this sob unduh gan menurutmu bagaimana,Wed Jun 04 03:12:52 +0000 2025
gua ingin vaksin takut tbtb vaksinnya diganti sama vaksin percobaan bill gates,Wed Jun 04 03:04:37 +0000 2025
habis   dipaksa tes vaksin tuberkulosis dari bill gates,Wed Jun 04 02:43:52 +0000 2025
semenjak isu tes vaksin bill gates kasus covid muncul   permukaan   indonesia,Wed Jun 04 02:26:43 +0000 2025
sebelumnya kalau vaksin sebaiknya kali jangan takutnya vaksin ini adalag pengujian coba vaksin tuberkulosis bill gates,Wed Jun 04 01:11:28 +0000 2025
silakan takut takuti terus rakyat supaya bisnis vaksin bill gates berjalan lancar sukses,Wed Jun 04 01:02:18 +0000 2025
hahaha abis disuruh vaksin bill gates,Wed Jun 04 00:58:45 +0000 2025
menang opo kalah dilit meneh koe   dipekso vaksin tuberkulosis   bill gates lho bro fyi wae  ,Wed Jun 04 00:56:26 +0000 2025
lailaha vaksin gua   gamau kalau disuruh vaksin diabetes   bill gates,Wed Jun 04 00:51:33 +0000 2025
  please stop bill gates buka tiktok menonton postingan tolak vaksin tuberkulosis postingan dibagikan via tiktok lite unduh tiktok lite menikmati postingan lainnya,Wed Jun 04 00:47:10 +0000 2025
gua sangsi covid reborn per akal akalan biar vaksin tuberkulosis bill gates langsung diujicoba setelah keliling negara negara asean sekalian bagi duit triliunan,Tue Jun 03 23:58:08 +0000 2025
bill gates jualan vaksin ada berita berita ginian sekarang gimana rakyat curiga coba,Tue Jun 03 22:26:21 +0000 2025
kata gausah dah coba vaksin nya bill gates,Tue Jun 03 21:44:01 +0000 2025
jualan vaksin biar   sangkut pautkan penyakit vaksin nya bill gates,Tue Jun 03 21:10:07 +0000 2025
terus rakyatnya   suruh pake vaksin bill gates aslinya vaksin tuberkulosis dibilangnya vaksin buat covid hahaha,Tue Jun 03 18:30:39 +0000 2025
bill gates nawarin pengujian coba vaksin buat,Tue Jun 03 18:01:13 +0000 2025
padahal bikin strategi program vaksin tuberkulosis bill gates rakyat jadi kelinci percobaan,Tue Jun 03 17:51:54 +0000 2025
pejabat apabila menerima uang bill gates menjalankan rencana jahat rugi pejabat rakyat pejabat rakyat saling membantu makanan pangan sandang kalau mati pejabat bisa hidup menteri kesehatan   ingin menyetujui vaksin,Tue Jun 03 17:42:35 +0000 2025
setia negara apakah mnrma triliyunan dokter bill gates memaksa rakyat nya vaksin,Tue Jun 03 17:25:36 +0000 2025
halusinasinya semakin parah padahal pemerintah sering dana hibah asing terbaru bill gates sekalian cari tumbal proyek vaksin tuberkulosis,Tue Jun 03 17:10:19 +0000 2025
ayo pakai vaksin bill gates,Tue Jun 03 17:02:32 +0000 2025
berapa milyar ratusan milyar bill gates pejabat indonesia mensukseskan vaksin tuberkulosis melalui wabah covid bill gates lebih takut iblis takut tuhan yesus iblis memberikan selama didunia pas meninggal malah masuk neraka,Tue Jun 03 16:46:42 +0000 2025
vaksin ditujukan anak remaja hingga lansia diimplementasikan waktu lima tahun   depan tujuan menekan peningkatan penderita tuberkulosis,Tue Jun 03 16:44:33 +0000 2025
hahaha kocak kmaren nyetujuin indonesia jadi pengujian coba vaksin tuberkulosis nya bill gates siapa tuberkulosis covid sama penyakit pernapasan yawes biar jualan bill gates laku itu hihihi,Tue Jun 03 16:31:14 +0000 2025
tiba sangat lama bill gates datang   indonesia pandemi vaksin sampek   bodo mending nembak dah,Tue Jun 03 16:20:42 +0000 2025
kira covid komplikasi tuberkulosis terus wajib vaksin tuberkulosis vaksin tuberkulosis bill gates pengujian klinis   indonesia enatah vaksin covid   booster   sia,Tue Jun 03 16:13:56 +0000 2025
kunjungan bill gates ingin tes vaksin,Tue Jun 03 16:05:55 +0000 2025
padahal kmrin waktu berita cina invest   ibu kota negara ato bill gates invest makan bergizi gratis vaksin girang bukan main   istana sendiri,Tue Jun 03 15:16:16 +0000 2025
ampuh vaksin bill gates katanya hahaha,Tue Jun 03 14:56:18 +0000 2025
akankah kedepan ada berita   teliti vaksin bill gates mencegah covid,Tue Jun 03 14:40:03 +0000 2025
  prabowo bill gates kemaren jalan sama kamu kamu pikir orang mana kalau bukan asing nya kamu indoneisa dijadiin percobaan vaksin jadi   sini antek asing siapa prabowo,Tue Jun 03 14:39:52 +0000 2025
kamu pidato kaya ada jajahan anjing kuno sangat kuno kamu sendiri dari kemarin ngundang bill gates sampe jual rakyat buat cobain vaksin anjing sekarang kamu sendiri bilang   adu domba begini kalau orang kebanyakan makan uang haram,Mon Jun 02 16:54:22 +0000 2025
elite global   bill   berpikir kedepan penting uang rencana jahat sukses covid vaksin kecerdasan buatan lain manusia butuh pangan kalau bill gates pejabat berpikir kedepan memikirkan diri sendiri pasti mati terkena karma,Mon Jun 02 16:35:32 +0000 2025
ntar pemberian vaksin nya vaksin tuberkulosis nya bill gates,Mon Jun 02 14:52:40 +0000 2025
bukan gratis saya kasih juta suntikan vaksin   bill gates keluarganya fia bikin vaksin ingin dibuat penguji dijadikan percobaan emang bangsa paling dungu   dunia apa arti merdeka tahun jadi kelinci percobaan bangsa menolak,Mon Jun 02 14:16:28 +0000 2025
bro sendiri jual rakyatnya   bill gates buat pengujian coba vaksin,Mon Jun 02 13:44:50 +0000 2025
halah kamu undang bill gates   indonesia jadiin rakyat kamu jadi pengujian coba vaksin terus ngasih jalan buat jalanin agenda lewat kemenkes sekarang berita tuberkulosis covid mulai disebar goals nya apa coba jangan omon omon doang kamu anti asing asing aseng halah nol,Mon Jun 02 13:30:35 +0000 2025
bakal kerja apaan pada buka pabrik diambil sama filipina cuman kebagian jadi kelinci percobaan vaksin tuberkulosis nya bill gates kagak digaji,Mon Jun 02 13:25:52 +0000 2025
tidak invest   indoneisa kalau bill gates pengujian coba vaksin bukan aseng,Mon Jun 02 13:07:30 +0000 2025
narasi oseng oseng kemaren abis bawa macron jalan sebelumnya girang yang ngasih vaksin tuberkulosis kah kebencian pas ketemu macron sama bill gates,Mon Jun 02 13:04:53 +0000 2025
kabar covid lagi lama bill gates nawarin vaksin   hokage gemoy yah,Mon Jun 02 12:52:36 +0000 2025
asing siapa apa bill gates asing macron asing jangan disuntik vaksin tuberkulosis dibiayai asing,Mon Jun 02 12:49:28 +0000 2025
bro lupa bro baru mengiyakan pengujian coba vaksin bill gates   indonesia,Mon Jun 02 12:41:19 +0000 2025
ada lembaga asing bill gates foundation kasih duit pengujian coba vaksin apa mengadu domba rakyat bapak,Mon Jun 02 12:18:11 +0000 2025
rakyat indonesia dijadikan pengujian coba vaksin tuberkulosis bill gates kenapa presiden mengizinkan,Mon Jun 02 11:44:02 +0000 2025
vaksin tuberkulosis bill gates selama paperwork lengkap prngawasan post inoculation jalan hak kewajiban jelas ada masalah sudah biasa semua obat vaksin baru gini prosedurnya ada maksa sukarela dibayar move  ,Mon Jun 02 11:43:24 +0000 2025
aseng aseng rakyatnya   jadikan target pengujian coba vaksin nya bill gates oalahh ngaca bapak,Mon Jun 02 11:04:17 +0000 2025
apaanzih ujung nya disuruh vaksin dokter bill gates,Mon Jun 02 10:51:15 +0000 2025
  satu sisi mikir datengnya bill gates kemarin itukan terkait percobaan vaksin   ini menarik selanjutnya,Mon Jun 02 10:44:38 +0000 2025
ada bill gates biayai pengujian coba vaksin tuberkulosis   masyarakat syarat uang   pemerintah,Mon Jun 02 10:08:48 +0000 2025
pemerintah terima dana hibah aseng bill gates meracuni rakyat vaksin jadi sebenernya kaki tangan asing sendiri,Mon Jun 02 09:47:57 +0000 2025
halah omon doang bisanya emang bill gates kemarin kesini ngapain rakyat kamu jadi kelinci percobaan vaksin kamu malah haha hihi sama,Mon Jun 02 09:26:30 +0000 2025
kata orang ketemu bill gates tiba tiba bahas vaksin tuberkulosis bilang nampung warga palestina diberitain media israel bilang kalau palestina merdeka ngakuin israel,Mon Jun 02 09:16:26 +0000 2025
bill gates   indonesia soalnya girang orang indonesia kalau vaksin malah bangga dengan riang gembira diposting   sosmed,Mon Jun 02 08:38:43 +0000 2025
kuat apanya kaya apanya bapak sendiri gelar karpet merah bill gates jelas jelas dalang ribu anak anak india lumpuh vaksin polio kesini malah dikasih apa hah bintang tertinggi buat apa kepentingan siapa siapa bekerja sama asing,Mon Jun 02 08:26:19 +0000 2025
kalau nerima dana bill gates ngorbanin rakyat biar   pengujian coba vaksin tuberkulosis emng bapak,Mon Jun 02 08:23:54 +0000 2025
presiden kontol bisa ngomong asing dia ngejual rakyatnya buat pengujian coba vaksin tuberkulosis bill gates ngerusak candi macron memang otaknya terkena,Mon Jun 02 08:16:50 +0000 2025
pemberi mandat pemegang kedaulatan negara rakyat memerintahkan seluruh anggota pimpinan dewan perwakilan rakyat majelis pemusyawaratan rakyat republik indonesia menjadi obyek pengujian coba vaksin bill gates anggota menolak mundur dewan perwakilan rakyat kembali   komunitasnya gelandangan,Mon Jun 02 08:07:15 +0000 2025
harusnya bill gates bikin truth serum wajibkan vaksin   masyarakat indonesia bebas korupsi deh negaranya yeay,Mon Jun 02 07:58:19 +0000 2025
vaksin tuberkulosis bill gates menteri kesehatan keluarganya kami rakyat ikhlas menerima vaksin,Mon Jun 02 07:48:12 +0000 2025
kemaren ketemu bill gates lalu tiba tiba vaksin tuberkulosis lsm apa lau njin,Mon Jun 02 07:41:27 +0000 2025
paling make covid buat alasan nyuntikin vaksin tuberkulosis bill gates,Mon Jun 02 07:34:27 +0000 2025
contoh uang bill gates mengadu domba rakyat indonesia suntikan vaksin,Mon Jun 02 07:11:47 +0000 2025
siapa bersulang sama macron sampe klarif jus apel bukan bir siapa kerjasama ujicoba vaksin sama bill gates siapa prabowo,Mon Jun 02 06:58:28 +0000 2025
suntik vaksin tuberkulosis bill gates nih kayanya makanya jangan vaksin tuberkulosis yah,Mon Jun 02 06:56:54 +0000 2025
  sbnrnya mah saja bikin vaksin sendiri ini vaksin tuberkulosis bill gates basisnya protein rekombinan kan yeh sudah banyak peneliti bikin vaksin tipe rekombinan salah satunya lab dulu manufakturnya juga lebih mudah pada moderna,Mon Jun 02 06:53:17 +0000 2025
hahaha indonesia   ujicoba vaksin nya bill gates jangan banyak meninggal,Mon Jun 02 06:27:25 +0000 2025
kapan bubar ini negara bosen banget liat tingkah jajarannya kaya tai gini sampe rakyatnya   jual buat pengujian coba vaksin jelas bill gates   negaranya   tolak kocak bener negara miskin,Mon Jun 02 05:57:44 +0000 2025
danantara penasihatnya asing investor nikel asing investor tambang asing investor kendaraan asing vaksin bill gates asing,Mon Jun 02 05:56:50 +0000 2025
ketemu bill gates tiba tiba bahas vaksin tuberkulosis ada bahasan sebelumnya padahal nelpon trump abis bilang nampung warga palestina diberitain media israel bilang kalau palestina merdeka ingin ngakuin israel kerja sama maritim sama china,Mon Jun 02 05:09:03 +0000 2025
pernyataan sikap habaib ulama tokoh sumenep menolak vaksin tuberkulosis beberapa alasan membawa bill gates ditolak   negaranya sendiri   negara asean semua menolak indonesia komposisi vaksin tuberkulosis jelas tidak tidak,Mon Jun 02 05:06:15 +0000 2025
benarkah filipina keluarkan surat penangkapan bill gates terkait vaksin tuberkulosis buka tautan lihat faktanya,Mon Jun 02 03:44:30 +0000 2025
kasus vaksin bagaimana kabarnya   bapak kabar kalau yang ingin   vaksin milik   bill gates ada denda,Mon Jun 02 03:39:18 +0000 2025
dharma pongrekun demo tolak vaksin tuberkulosis bill gates masyarakat punya hak menolak kalau kata aki mah perlu ribet kan punya wakil   dewan perwakilan rakyat republik indonesia dewan perwakilan rakyat daerah provinsi dewan perwakilan rakyat daerah kabupaten jadi cukup yang mewakili rakyat disuntik vaksin,Mon Jun 02 02:42:54 +0000 2025
halah vaksin bill gates ingin   rebranding,Mon Jun 02 01:55:04 +0000 2025
kan prabowo abis ketemu bill gates bilang jual vaksin,Mon Jun 02 01:39:32 +0000 2025
jadi gini covid naik kamu nuduh konspirasi biar bill gates jualan vaksin tuberkulosis beda penyakit beda vaksin beda otak kali   marah marah minimal ngerti dulu bedanya virus sama bakteri,Sun Jun 01 21:33:59 +0000 2025
pembelian tiket hitc disertakan sertif vaksin tuberkulosis bill gates,Sun Jun 01 16:19:02 +0000 2025
bill gates bukan dokter bukan ahli medis tetiba bikin vaksin tuberkulosis belajar dokter mane   orang,Sun Jun 01 15:00:45 +0000 2025
vaksin bill gates mungkin abis updates anti virus,Sun Jun 01 13:13:14 +0000 2025
virus menular menteri kesehatan sendiri lebih ganas semua virus ada kalau pengujian coba vaksin tuberkulosis bill gates silahkan dicoba   pegawai kemenkes sendiri lebih dulu   debat,Sun Jun 01 12:59:11 +0000 2025
bohong itu trik pemerintah masyarakat disuntikkan vaksin tuberkulosis jelas bill gates orang pintar jangan termakan umpannya kalau kaum ternak mulyono orang bodoh bolehlah termakan umpannya jadi tumbal,Sun Jun 01 11:35:44 +0000 2025
biar takut sama tuberkulosis terus laku tuh vaksin tuberkulosis buatan bill gates cling cling cling,Sun Jun 01 11:21:45 +0000 2025
hati   guys prabowo nyari banyak subjek percobaan vaksin tuberkulosis kemarin kan buat kesepakatan sama bill gates kalau indonesia siap dijadikan percobaan vaksin tuberkulosis,Sun Jun 01 10:35:50 +0000 2025
covid vaksinnya pake vaksin tuberkulosis bill gates ntar apa syaratnya vaksin licik monyet pemerintah,Sun Jun 01 10:15:26 +0000 2025
bill gates kan baru dateng   indoneisa bawa vaksin mungkin vaksin nya   jual jadi kemenkes keluarin surat edaran covid,Sun Jun 01 09:50:13 +0000 2025
bill gates bisnis vaksin covid sumbang   triliun minta pengujian vaksin tuberkulosis rakyat indonesia,Sun Jun 01 09:45:24 +0000 2025
mgkn salah satu cara rakyat untuk   vaksin dengan vaksin sudah ditawarkan bill gates kemarin,Sun Jun 01 09:39:58 +0000 2025
kalau butuh orang pengujian coba fucksin tuberkulosis milik   bill gates jahanam maka langsung suntikan   wakil rakyat menjadi anggota dewan perwakilan rakyat dewan perwakilan daerah dewan perwakilan rakyat daerah sekalian suntikan muncung budi gunadi sadikin beserta keluarganya ujicoba vaksin tuberkulosis bill gates,Sun Jun 01 09:18:55 +0000 2025
anjing nya bill gates maksa mereka akan mensyaratkan vaksin keperluan bepergian urusan rumah sakit perbankan sekolah urusan administrasi,Sun Jun 01 09:01:51 +0000 2025
covidiot cuma kedok campur tangan bill gates vaksin kemaren najis bangsa sendiri jadi tumbal percobaan,Sun Jun 01 08:00:59 +0000 2025
biar apa biar   vaksin sama vaksin milik bill gates,Sun Jun 01 07:35:07 +0000 2025
vaksin tuberkulosis laku bill gates cair jadinya covid   buat mayan kan buat dikorupsi,Sun Jun 01 07:08:36 +0000 2025
bang bill gates bang bill gates vaksin nya abis gimana kalau pake formasi biasa ini mungkin,Sun Jun 01 06:48:43 +0000 2025
sama menteri nya jadi antek nya bill gates vaksin tuberkulosis tak berhasil dosa kalian selamat tak termaafkan turun jadi menteri malah bela asing rakyat sendiri siap karma menagih wujud aamiin yra,Sun Jun 01 05:45:07 +0000 2025
lucu sekali bila tuberkulosis   tularkan lewat udara kasus covid mencuat apakah vaksin jualan bill gates kemarin habis terjual target genosida bentuk vaksin manusia tercapai bill gates kamu tua bangka rakus dunia astaghfirullah,Sun Jun 01 05:41:40 +0000 2025
tidak menemui sebarang video boleh dipercayai   mana bill gates menyatakan hasrat mengurangkan penduduk dunia menggunakan vaksin menunjukkan vaksin mengubah dna manusia dakwaan sering dikaitkan salah tafsir ucapan gates   ted talk,Sun Jun 01 05:41:27 +0000 2025
adakah grok pernah menonton video bill gates menyatakan tujuan beliau kurangkan jumlah penduduk dunia menggunakan vaksin pada video berkenaan beliau menunjukkan vaksin mengubah dna manusia,Sun Jun 01 05:38:59 +0000 2025
kantor budi gunadi digeruduk massa imbas vaksin bill gates,Sun Jun 01 05:14:11 +0000 2025
  pengujian coba vaksin bill gates   gamau   kasi buat enabler rejim,Sun Jun 01 05:13:21 +0000 2025
soalnya bentar pemerintah jualan vaksin vaksin tuberkulosis kan deal tuh   bill gates,Sun Jun 01 04:58:23 +0000 2025
lihat video iceusiswanti wooi sadarlah sedang   rusak bill gates jualan vaksin doank rakyat tolak vaksin nya bill gate   meskipun gratis,Sun Jun 01 04:21:31 +0000 2025
warren buffett berinvestasi   usia senja elon musk bekerja bill gates promosi vaksin tuberkulosis hidup macam apa aku rebahan mnonton anime   usia tua,Sun Jun 01 04:02:59 +0000 2025
curiga disuruh vaksin bill gates,Sun Jun 01 03:59:26 +0000 2025
tiba banget ada vaksin bill gates,Sun Jun 01 03:56:58 +0000 2025
  buat vaksin bill gates,Sun Jun 01 03:54:53 +0000 2025
biar   vaksin pake vaksin bill gates biar pengujian cobanya sukses,Sun Jun 01 03:42:23 +0000 2025
kemarin kan prabowo abis ketemu bill gates buat pengujian coba vaksin wajar biar   vaksin tapi pake punya bill gates,Sun Jun 01 03:41:46 +0000 2025
  perlu vaksin bill gates sabar   lae toba,Sun Jun 01 02:04:01 +0000 2025
pejabat negara   like awas lho kasus covid marak buruan suntik vaksin tuberkulosis bill gates biasa aji mumpung pada kerepotan cari sukarelawan,Sun Jun 01 01:09:22 +0000 2025
ingat bill gates datang   indoneisa buat jual vaksin tuberkulosis   rakyat indoneisa lewat pemerintah jadi jangan percaya semua soal covid copad soalnya warg bakan   vaksin vaksin bill gates mana penuh tanda tanya takutnya depopulasi tujuan big farm,Sun Jun 01 01:02:28 +0000 2025
biar vaksin bill gates dianggap sukses masyarakat mgkn ada ingin   jadikan bahan percobaan hahaha,Sun Jun 01 00:26:42 +0000 2025
buset ingin divaksin takut disuntikin vaksin tuberkulosis bill gates,Sat May 31 23:46:32 +0000 2025
biar vaksin bill gates masuk,Sat May 31 23:16:26 +0000 2025
biar vaksin tuberkulosis punya bill gates lancar,Sat May 31 21:46:49 +0000 2025
biar kelinci percobaan vaksin baru bill gates berjalan lancar,Sat May 31 21:07:39 +0000 2025
biar kelinci percobaan vaksin baru bill gates berjalan lancar,Sat May 31 21:07:30 +0000 2025
kantor budi gunadi digeruduk massa soal vaksin bill gates,Sat May 31 20:22:32 +0000 2025
hati hati berita bohong   biar vaksin bill gates   pengujian coba,Sat May 31 18:54:47 +0000 2025
awas udang dibalik batu dikasih peringatan covid ntar disuruh vaksin sama pemerintah nah gong nya vaksin adalah vaksin pengujian coba bill gates,Sat May 31 18:13:37 +0000 2025
air hasil endapan permentasi buatnya anggur merah   injek pake sepatu boot didiemkan selama hari jadilah cairan bening naik   atas   sedot pake selang infus terpake pasien   vaksin tuberkulosis vaksin bill gates lalu   minum orang barat,Sat May 31 17:36:27 +0000 2025
vaksin bill gates tuberkulosis bakal berubah jadi vaksin covid namanya konstitusi   acak rakyat dikibulin nama doang mah gampang,Sat May 31 17:25:49 +0000 2025
bill gates melakukan sama melalui vaksin tuberkulosis rakyat indonesia menjadi kelinci percobaan minta pejabat tni polri yang duluan,Sat May 31 17:04:47 +0000 2025
biar   vaksin pake vaksin tuberkulosis bill gates,Sat May 31 16:01:35 +0000 2025
kan vaksin bill gates kemarin   kan vaksin btc yah,Sat May 31 15:59:30 +0000 2025
bill gates dateng   indoneisa pengujian vaksin tuberkulosis terbitlah peringatan wabah covid asuudahlah,Sat May 31 15:56:19 +0000 2025
xnya   bohongi bill gates pandemi vaksin tai ngasu,Sat May 31 15:27:50 +0000 2025
vaksin nya bill gates biar laris,Sat May 31 15:17:23 +0000 2025
wajib vaksin   vaksin nya bill gates hahaha,Sat May 31 14:24:10 +0000 2025
covid cina kok covid sejak dulu cina tentu cina nyiapkan vaksin bill gates bikin pabrik vaksin tuberkulosis   singapore warga republik indonesia dijadikan kelinci percobaan vaksin tuberkulosis tersebut giliran untung singapure republik indonesia giliran jadi kelinci   tcobaannya,Sat May 31 14:13:40 +0000 2025
halah gimmick vaksin ujicoba bill gates,Sat May 31 14:08:22 +0000 2025
keabisan akal bujuk buat vaksin tuberkulosis nya bill gates kayaknya,Sat May 31 14:00:54 +0000 2025
bill gates tes program senam lewat chip vaksin covid,Sat May 31 13:00:44 +0000 2025
pengalihan isu marketing vaksin bill gates jangan percaya,Sat May 31 10:18:56 +0000 2025
kesimpulannya klaim bansos   ribu hoaks vaksin tuberkulosis   bukan program giveaway bill gates enggak bagi duit kayak influencer kadang medsos memang lebih cepat fakta sayangnya lebih ngaco,Sat May 31 09:08:23 +0000 2025
klaimnya manis pengujian coba vaksin tuberkulosis didanai bill gates relawan dapet kompensasi   ribu logikanya kalau divaksin minimal beli cilok buat perayaan,Sat May 31 09:06:30 +0000 2025
viral   medsos ikut pengujian coba vaksin tuberkulosis dapet bansos   ribu siapa menyebar facebook siapa disebut sebut bill gates siapa untung   bukan,Sat May 31 09:06:03 +0000 2025
wow luar biasa tinggal diuji anak kepala bgn ketahanan tubuhnya vaksin tuberkulosis bill gates,Sat May 31 08:35:06 +0000 2025
bill gates diserang warga united states   america dampak mengendalikan kesehatan lahan bisnis pada vaksin tuberkulosis,Sat May 31 08:28:13 +0000 2025
wajib   vaksin tuberkulosis buatan bill gates,Sat May 31 07:02:13 +0000 2025
kan vaksin yak covid covid saja lagian kalau global tidak isu beginian disini covid lagi curiga ini gendut prabowo antek asing jadiin warga indoneisa subjek ujicoba percobaan vaksin baru bill gates kalau beneran ajg    ,Sat May 31 05:06:21 +0000 2025
aku gaada disrespect   pasien tuberkulosis sama sekali aku bahas   sini tuh vaksin tuberkulosis bill gates jadiin masyarakat indonesia buat jadi kelinci percobaan kalau emang vaksin tersebut gaada masalah baru diakui bulan pengujian,Sat May 31 05:05:04 +0000 2025
hell nah cukup   kemarin kita covid       ingin terus kita vaksin malah pake vaksin nya   bill gates   thanks,Sat May 31 02:39:02 +0000 2025
bilang kamu tes vaksin bill gates kan prabowo pake acara bilang covid covid   kamu ekonomi dah lesu malah kamu tambah tambahin saja penderitaan ngotak dong gendut,Sat May 31 00:57:26 +0000 2025
hahaha kan   kasih   konteknya bukan vaksin bill gates,Fri May 30 23:05:33 +0000 2025
mungkin ada vaksin percobaan bill gates,Fri May 30 23:02:42 +0000 2025
yak orang orang takut sangat sama vaksin bukan vaksin percobaan tuberkulosis bill gates,Fri May 30 22:54:00 +0000 2025
beneran   takut dikasi vaksin percobaan bill gates sama wowok,Fri May 30 18:45:59 +0000 2025
kalau sama temen ngomongin konspirasi covid vaksin bill gates gimana bang,Fri May 30 15:46:25 +0000 2025
calon penerima vaksin tuberkulosis percobaan bill gates keteladanan sebaiknya relawan presiden wakil presiden menteri wakil rakyat jumlahnya sbb pres wakil presiden dpri republik indonesia dewan perwakilan daerah menteri gub kdh   lain mottonya ing ngarso sing tulodo,Fri May 30 14:34:46 +0000 2025
demam peningkatan suhu awal itu sama vaksin umumnya taruna ikrar mei hem badan pengawas obat makananan ungkap efek samping pengujian coba vaksin tuberkulosis bill gates,Fri May 30 13:42:52 +0000 2025
jangankan negara saja dilindas sama bill gates orang terkaya   dunia rela masyarakat indonesia jadi test percobaan vaksin,Thu May 29 01:28:00 +0000 2025
gemoy disogok prancis united states   america milyar     pantas bapak gemoy melunak mengakui negara zionist mengorbankan rakyat palestina pemilik sah tanah palestina jadi inget disogok bill gates   mengorbankan rakyat republik indonesia buat disuntik vaksin tuberkulosis,Thu May 29 00:49:02 +0000 2025
lebih ngeri ketimbang vaksin tuberkulosis nya bill gates,Thu May 29 00:45:29 +0000 2025
terus ingin nego tarif sama   trump ingin terima percobaan vaksin tuberkulosis   bill gates otak atik borobudur pasang eskalator buat negara enabler lesbian gay biseksual transgender,Wed May 28 23:23:24 +0000 2025
terus berjuang bang dukung merungkadkan   otak kontol tukang ngibul   mulyono kampret kalau terbukti palsu   mulyono kampret   suntik vaksin tuberkulosis bill gates biar waras,Wed May 28 18:57:44 +0000 2025
bill   pernah peduli sesamanya lihat banyak vaksin didanai mulai covid vaksin covid vaksin tuberkulosis polio lain semuanya banyak virus,Wed May 28 16:36:34 +0000 2025
ada orang     bawah sana bakal kasih susu kental manis liter   anak nya terus tinggal bill gates datang jual vaksin gagal ginjal vaksin diabetes kali,Wed May 28 15:17:53 +0000 2025
allahu akbar tolak lawan keras vaksin tuberkulosis bill gates kalian mati sia sia efek vaksin percobaan,Wed May 28 14:40:40 +0000 2025
mungkin   gemoy habis minum liter vaksin tuberkulosis nya bill gates jadi ngacau ngomongnya,Wed May 28 14:19:13 +0000 2025
tau nama gerejanya context kerabat ngotot soal terus dibisikin sama yang lain biarin emang jemaat gereja sesat aneh aneh dulu inti doktrinnya vaksin itu antichrist disponsori bill gates orang nyimeng tidak   absurd kayaknya,Wed May 28 14:03:27 +0000 2025
namanya pengujian coba terjamin keamanannya utuk kesehatan berani sekali pemerintah ambil langkah mengorbankan rakyatnya   vaksin bill gates pengusaha semata berpikir kemanusiaan kekayaan,Wed May 28 11:26:52 +0000 2025
yaa allah jangan blunder terus dong bapak peesiden dikunjungi bill gates langsung tunduk indonesia jadi tempat pengujian vaksin tuberkulosis   bill gates dikunjungi macron langsung ingin buka hubungan diplomatik israel gara perancis pendukung israel,Wed May 28 11:26:16 +0000 2025
contoh orang cocok menjadi peserta pengujian coba vaksin tuberkulosis bill gates,Wed May 28 11:20:49 +0000 2025
sebelum vaksin bill gates nomor tuh,Wed May 28 09:27:36 +0000 2025
ada vaksin ada pandemi tuberkulosis mengharuskan vaksin setelah bill gates ada syarat vaksin yang naik pesawat jadi kelinci percobaan gituh ndak usul menteri non aktif dulu biar ndak merepotkan,Wed May 28 08:19:45 +0000 2025
apkh merekom vaksin tuberkulosis bill gates aman,Wed May 28 06:02:21 +0000 2025
usulkan keluarga erik thohir dulu disuntik vaksin pengujian coba bill gates baru diikuti keluarga kabinet semua kemudian anggota dewan perwakilan rakyat semua keluarganya,Wed May 28 06:02:04 +0000 2025
  sini rakyat paham kalau vaksin tuberkulosis tidak aman   salah satu contoh manusia tidak   vaksin tuberkulosis bill gates,Wed May 28 05:58:58 +0000 2025
monyet budi dulu vaksin tuberkulosis masih   waktu kamu blm lahir bangsat hancur deh negeri dipimpin kacung kapitalis sudah banyak info kasus negara pake vaksin bill gates kok dipaksakan kamu keluargamu dulu divaksin budi taik,Wed May 28 04:44:08 +0000 2025
percaya kalau memang aman pejabat yang disuntik vaksin coba tersebut jangan jadikan rakyat jadi kelinci percobaan kalian pendukung proyek bill gates samasekali tidak punya harga diri tergiur uang bill gates tersebut jelas baru pengujian coba efficacy dengan,Wed May 28 04:15:38 +0000 2025
menteri kesehatan   menolak vaksin tuberkulosis tahu bill gates bukannya peduli manusia vaksin bukannya menyembuhkan menambah kematian menteri kesehatan indonesia dia tidak peduli dosa penting uang jabatan aman ini indonesia dijadikan kelinci,Wed May 28 03:40:30 +0000 2025
ngapain jadi percobaan vaksin bill gates bakal sakit sengsara mderita keluar uang buat berobat kelga kita yang untung berlimpah bill gates keturunan sekutu,Wed May 28 02:23:14 +0000 2025
salah bansos peserta pengujian coba vaksin tuberkulosis bill gates akun facebook irvan budiyanto rabu membagikan foto arsip isinya memperlihatkan tangkapan layar unggahan tayang rabu berjudul bill gates pengujian coba vaksin tuberkulosis buatannya,Wed May 28 02:15:26 +0000 2025
semuanya vaksin tuberkulosis bill gates,Wed May 28 01:07:00 +0000 2025
kemenkes berlatar belakang bankir pantas ingin terima pengujian klinis vaksin tuberkulosis nya bill gates   negara entah apa mungkin diperolehnya bila pengujian klinis vaksin sukses dimulai menkesnya kemudian keluarganya lanjut   pihak mendukung program tersebut,Wed May 28 00:34:22 +0000 2025
kalau aman makanya menteri beikut wakil semua pejabat pegawai   jadi relawan pengujian klinis vaksin tuberkulosis bill gates kalau aman ngapain cari relawan masyarakat hahaha kocak,Wed May 28 00:27:37 +0000 2025
seharusnya rakyat menolak keras vaksin tuberkulosis bill gates dewan perwakilan rakyat majelis pemusyawaratan rakyat presiden menteri gubernur semua aparat negara presiden     diuji coba   dulu   rakyatnya,Tue May 27 17:20:49 +0000 2025
bill gates pedagang ada pedagang ingin rugi sendiri bisa jual pengujian vaksin   negaranya sendiri lalu pergi   negara kasih sumbangan duit sedikit meraup untung sebesar besarnya vaksin bisnis paling menguntungkan era covid,Tue May 27 16:11:35 +0000 2025
bro kan   sosmed banyak orang sebar kan video vaksin bill gates tujuannya kurangin populasi indonesia jadi kelinci percobaan sprt biden kasih lihat publicly anda yakin keamanan vaksin terima vaksin,Tue May 27 15:12:53 +0000 2025
warga negara dijadiin tes vaksin bill gates berharap apa memang negara terbaik pemerintah paling pro rakyat yey,Tue May 27 15:09:36 +0000 2025
siapa bilang tiba tiba program diskon listrik sebagainya ada sejak awal tahun koq pendukung bung prabowo sejati asal main tuduh sembarangan silahkan anti kebijakan bill gates vaksin jangan menghakimi program yang bagus,Tue May 27 13:57:54 +0000 2025
berikut info terbaru lebih lengkap soal vaksin tuberkulosis       didukung bill gates sedang diuji   indonesia vaksin masih pengujian klinis fase partisipan   indonesia total lebih partisipan   negara hasil sebelumnya,Tue May 27 13:38:42 +0000 2025
coba data cari lebih banyak lainnya lebih lengkap benar saat belum data resmi soal doksin tinggi efek samping berat vaksin tuberkulosis       yang didukung bill gates vaksinnya memang dalam tahap pengujian klinis fase   indonesia,Tue May 27 13:37:38 +0000 2025
berikut data lengkap vaksin tuberkulosis       didukung bill gates sedang diuji coba   indonesia vaksin dikembangkan sejak awal   gsk aeras didukung bill melinda gates foundation wellcome trust kini masuk pengujian klinis fase   indonesia,Tue May 27 13:36:43 +0000 2025
benar saat belum data resmi soal doksin tinggi efek samping berat vaksin tuberkulosis       didukung bill gates vaksinnya memang dalam tahap pengujian klinis fase   indonesia beberapa negara efek samping sudah dilaporkan,Tue May 27 13:36:41 +0000 2025
data lebih lengkap lainnya ini vaksin terbaru didukung bill gates vaksin tuberkulosis       sedang diuji coba   beberapa negara termasuk indonesia,Tue May 27 13:36:06 +0000 2025
vaksin terbaru didukung bill gates vaksin tuberkulosis       sedang diuji coba   beberapa negara termasuk indonesia ada data resmi doksin tinggi mungkin maksudnya dosis efek samping tinggi vaksin ini karena dalam tahap,Tue May 27 13:34:38 +0000 2025
seberapa besar doksin tinggi vaksin terbaru sekarang bill gates,Tue May 27 13:33:32 +0000 2025
rasanya semakin dekat perang sipil   pemerintah rela rakyatnya dikorbanin buat vaksin tuberkulosis bill gates shame   you indonesian goverments,Tue May 27 13:22:11 +0000 2025
target bill gates berkurang satu hemat vaksin satu botol,Tue May 27 13:10:55 +0000 2025
ada bukti adanya vaksin tnb aturan baru perjalanan udara postingan sepertinya satir merujuk teori konspirasi vaksin bill gates tidak mencerminkan kebijakan nyata cek sumber resmi centers for disease control and prevention world health organization info perjalanan,Mon May 26 14:51:05 +0000 2025
bill gates warga amerika bill gates bukan ahli penemu bukan ahli kesehatan windows beli patenkan vaksin covid tuberkulosis beli amerika menolak vaksinnya bukan rakyat singapore pengujian coba vaksinnya harus rakyat indonesia menjadi ekaperimen bangsat kan,Mon May 26 14:22:43 +0000 2025
info para pejabat indonesia percaya engkong bill gates menjadikan indonesia tmpt percobaan vaksin tuberkulosis ala bill gates digoreng akal bulus makhluk jahat,Mon May 26 13:23:26 +0000 2025
video salah satu warga ingin mentri kesehatan   pecat pengujian coba vaksin tuberkulosis bill gates   indonesia   izinkan   negaranya sendiri amerika menolak   vaksin tuberkulosis kurang ajar rakyat indonesia dijadikan kelinci percobaan,Mon May 26 13:07:56 +0000 2025
menteri jadi pertama jadi relawan pengujian klinis vaksin tuberkulosis bill gates disusul pejabat kemenkes lanjut menteri wamen utusan khusus dewan bentukan prabowo stafsus jangan masyarakat jadi percobaan pengujian klinis vaksin tuberkulosis bill gates,Mon May 26 12:34:10 +0000 2025
kalau mengenal takut tuhan yesus dia ingin melakukan tidak benar rencana wabah vaksin kecerdasan buatan tenaga nuklir dia atheis percaya sama iblis perusahaan milik bill gates microsoft cuma contoh kecil,Mon May 26 11:48:13 +0000 2025
hehe dadi sales obat cepet sugih mungkin aku luwih seneng ngewangi karo info bener tnc vaksin kayane fiktif ora ana bukti adhedhasar sumber sing kredibel indonesia saiki ora mbutuhake vaksinasi kanggo perjalanan udara per mei teori konspirasi bab bill gates,Mon May 26 11:05:23 +0000 2025
terlihat jelas sales vaksin     gates yang merangkap menteri kesehatan sedang berusaha memaksakan bangsa indonesia mengikuti cara pikir jangan perbodoh bangsa indonesia pengkhianat kalian,Mon May 26 10:18:19 +0000 2025
menteri kesehatan republik indonesia siti fadilah supari menilai pengujian klinis vaksin tuberkulosis bill gates berisiko kedaulatan kesehatan nasional siti menilai menteri kesehatan budi gunadi sadikin terkesan menuhankan vaksin selengkapnya,Mon May 26 10:00:54 +0000 2025
bisnis vaksin tuberkulosis bill gates,Mon May 26 09:51:31 +0000 2025
pantesan bapak erick bilang etis kalau beliau   vaksin katanya biar rakyat dulu ternyata tau kalau cuma dijadikan kelinci percobaan reputasi buruk yayasan bill gates sangat menyedihkan,Mon May 26 09:39:44 +0000 2025
harus kompak menolak vaksin tuberkulosis moderna buatan bill gates,Mon May 26 09:31:54 +0000 2025
pemerintah kalau soal maksa rakyat pake vaksin mmg jago nya bill gates senang masa iya orang ngasih vaksin gratis ngasih duit gede cuma cuma pasti agenda,Mon May 26 08:44:42 +0000 2025
bapak vaksin tuberkulosis bill gates   pengujian coba   eropa harus indonesia kelinci percobaan katanya panjenengan anti asing kho sekarang semua orang asing diberikan panggung maturnuwun,Mon May 26 08:15:51 +0000 2025
great news indonesia jadi tempat pengujian coba vaksin tuberkulosis malaria bareng bill gates semoga hasilnya membanggakan,Mon May 26 07:13:20 +0000 2025
keren indonesia bakal jadi pelopor pengujian coba vaksin tuberkulosis malaria bareng tim bill gates semoga sukses biar bantu banyak nyawa selamat,Mon May 26 07:13:16 +0000 2025
harapan besar buat kesuksesan pengujian coba vaksin terima kasih bill gates atas kontribusinya indonesia,Mon May 26 07:09:10 +0000 2025
gokil indonesia jadi lokasi pengujian coba vaksin tuberkulosis malaria bill gates smg bantu tekan angka kematian kesehatan makin oke,Mon May 26 07:04:21 +0000 2025
dukung penuh pengujian coba vaksin tuberkulosis malaria   indonesia smoga jadi terobosan penting kesehatan global terima kasih bill gates,Mon May 26 06:53:50 +0000 2025
orang indonesia mulai   peringatkan   jadikan bahan pengujian coba vaksin bill gates,Mon May 26 05:27:29 +0000 2025
kalau vaksin melalui riset panjang kyak polio   okay with that but with this covid vaccine bikinnya dadakan sedikit menyesal yang baru vaksin tuberkulosis bill gates imma stay away from that,Mon May 26 05:22:51 +0000 2025
percaya berarti akal sehatnya terkena virus tuberkulosis segeralah diobati vaksin bill gates segera,Mon May 26 05:02:10 +0000 2025
bahan pengujian coba vaksin bill gates,Mon May 26 04:45:50 +0000 2025
bill gates datang deal soal vaksin tiba rame kasus tuberkulosis lalu mulai muncul propaganda waspada tuberkulosis massive rakyat terus dipermainkan,Mon May 26 04:22:43 +0000 2025
bill gates koq dipercaya   banyak negara disukai bikin takut msy vaksin nya   ditakut takuti virus itu smua penyakit diberitakan masif   tmpk bahaya spt penyakit pusing kulit kanker tumor dllnya,Mon May 26 02:55:41 +0000 2025
lha ada vaksin tuberkulosis bill gates   tes warga indonesia efeknya apa nantinya,Mon May 26 02:45:28 +0000 2025
coba dicerna baik atas penjelasan bajingan bangsat bill gates atas vaksin covid didlm video dmn vaksin sudah   suntikan sekian miliar manusia   muka bumi brp juta manusia mati covid lihat gaya bicaranya orang berdosa,Mon May 26 02:19:33 +0000 2025
sepertinya sebagai barter rakyat ingin jadi kelinci percobaan pengujian coba vaksin tuberkulosis buatan bill gates rakyat jangan seneng iming iming kayak gini sebab akibat pastinya,Mon May 26 00:24:24 +0000 2025
ada info spesifik rusia pengujian coba vaksin tuberkulosis   indonesia indonesia sedang menguji vaksin       didukung bill melinda gates foundation atasi tingginya kasus tuberkulosis juta tahun pengujian coba fase aman diawasi world health organization,Mon May 26 00:10:26 +0000 2025
boleh nolak vaksin bill gates   kelinci percobaan kelinci masuk jenis hewan dipersilahkan hewan jadi pengujian coba,Mon May 26 00:03:40 +0000 2025
duh mister presiden katanya anti asing ingin jadi budak asing   menkesnya malah jadikan rakyat budak asing menyetujui pengujian cooba klinis vaksin tuberkulosis made   bill gates bayaran hibah   bill gate ngomong ada makan siang gratis mirisnya   bill gate,Sun May 25 23:52:55 +0000 2025
harusnya bernarasilah yang mendapatkan pengujian klinis vaksin tuberkulosis bill gates harus orang tapi kalau flashback   belakang vaksin covid paling berdalih etislah kalau duluan kalau rakyatnya disuntik baru kitalah buat,Sun May 25 23:02:22 +0000 2025
ditentukan vaksinasi moderna penyebab kematian jadi kesimpulannya vaksin moderna buatan bill gates menyebakan kematian harus nolak vaksin tuberkulosis bill gates mengandung moderna,Sun May 25 22:30:44 +0000 2025
dulu terpaksa vaksin covid desakan kantor sekarang maaf untuk coba vaksin tuberkulosis bill gates terima kasih edukasinya uni dokter,Sun May 25 17:31:27 +0000 2025
sepakat pake banget uni dokter pribadi tolak program vaksin tuberkulosis ala bill gates,Sun May 25 17:08:35 +0000 2025
mensukseskan kecerdasan buatan membuat wabah covid vaksin tuberkulosis bahkan kurang lancar world turun gunung bill gates prediksi kecerdasan buatan gantikan banyak pekerjaan beberapa profesi,Sun May 25 14:14:28 +0000 2025
kasih tau bill gates ada bahan pengujian coba vaksin tuberkulosis,Sun May 25 11:39:32 +0000 2025
diskusi kesehatan ujung ujungnya rakyat jadi tumbal vaksin tuberkulosis untung bill gates bisnis dalih kesehatan,Sun May 25 05:53:38 +0000 2025
indonesia bakal jadi tempat pengujian coba vaksin tuberkulosis bill gates siti fadilah menteri kesehatan budi tuhankan vaksin,Sun May 25 05:41:39 +0000 2025
indonesia bakal jadi tempat pengujian coba vaksin tuberkulosis bill gates siti fadilah menteri kesehatan budi tuhankan vaksin,Sun May 25 04:36:56 +0000 2025
yeah intinya never underestimate tuberkulosis jujur sedih sangat programnya bill gates soal vaksin tuberkulosis masih pro kontra jujur entah kontranya karna aku blm ngikutin but   think that would   nice kalau sudah punya vaksin   penyakit menular paling mematikan   dunia,Sun May 25 02:09:43 +0000 2025
hati hati rezim prabowo kelanjutan rezim jokowi pandemi covid nyawa warga negara indonesia digadaikan penyerapan dana anggaran pendapatan belanja negara modus pasien mati   rumah sakit pemakaman tak lazim order vaksin tuberkulosis bill gates warga negara indonesia dipaksa ikut aturan pemerintah alasan jelas,Sun May 25 01:28:08 +0000 2025
bener ngapain datang pemerintah tetap memutuskan sendiri apa mereka yakini walaupun salah   merugikan masyarakat jadi salah satu didiskusikan adalah pengujian coba vaksin tuberkulosis buatan bill gates,Sat May 24 22:46:58 +0000 2025
peluang emas bill gates buat jualan vaksin makan bergizi gratis mumpung ditawarin masuk danantara,Sat May 24 22:34:43 +0000 2025
langkah tegas perlu dicontoh ulama seluruh indonesia jangan dijadikan kelinci percobaan vaksin punya bill gates,Sat May 24 22:30:26 +0000 2025
stop sekarang pengujian vaksin tuberkulosis bill gates ada efek samping serius,Sat May 24 17:20:00 +0000 2025
kalau prabowo angkat komjen dharma menteri kesehatan ada yang namnya chemtrail pemaksaan vaksin apa pandemi   budi badut bill gates cepat   pecat menteri kesehatan bahaya buat bangsa,Sat May 24 16:22:28 +0000 2025
viralkan fahri lubis jenderal bintang siap geruduk menduduki kantor kementerian kesehatan republik indonesia menyelamatkan rakyat vaksin tuberkulosis bill gates demi suksesnya mendukung berhasilnya visi misi indonesia   emas presiden prabowo subianto,Sat May 24 15:07:03 +0000 2025
mantap bang lindungi diri keluarga kecilmu vaksin bill cok gates,Sat May 24 12:10:58 +0000 2025
betul itulah vaksin diuji dulu   tangan dokter baru   masyarakat   iya buat vaksin bill gates masih dibilang kayak rencana tergantung presiden gimana semoga ditolak,Sat May 24 11:27:12 +0000 2025
katanya   indoneisa bantu makan bergizi gratis   bapak bill gates malah jadiin indoneisa tempat pengujian coba vaksin tuberkulosis terus gimana tanggapan mantan menteri kesehatan ibu siti fadilah supari selengkapnya nonton   sini,Sat May 24 10:57:41 +0000 2025
kalau begini kalian ikutan percobaan vaksin tuberkulosis nya bill gates,Sat May 24 10:50:04 +0000 2025
kalau view   yak sang suami target sempurna vaksin bill gates,Sat May 24 10:28:09 +0000 2025
sang suami target ideal vaksin bill gates,Sat May 24 10:27:21 +0000 2025
nah bilangin bill gates usah buat buat vaksin juga lon mana pengujian coba nya   negara sini sana   negaramu,Sat May 24 08:36:55 +0000 2025
sebuah unggahan   facebook mengklaim gubernur jawa barat dedi mulyadi menyatakan jawa barat siap menjadi lokasi pengujian coba vaksin tuberkulosis buatan bill gates unggahan tersebut menyertakan narasi bernada sindiran terkait pengujian vaksin saat pandemi covid,Sat May 24 07:44:37 +0000 2025
  jelas kepentingan kaum kapitalis namanya saj bill tagihan gates pintu gerbang sedang membangun pintu gerbang pembayaran tagihan lewat penjualan vaksin,Sat May 24 06:42:49 +0000 2025
cara ujicoba vaksin tuberkulosis bill gates   galakkan,Sat May 24 06:07:39 +0000 2025
konon video wawacara julidin bill gates soal beli windows sekarang industri vaksin padahal bukan ahli penciptanya buntutnya ngambeg emosi doih,Sat May 24 05:05:56 +0000 2025
iyalah contoh india vietnam terkena racun vaksin ala bill gates dijadikan kelinci percobaan rakyat jadi korban bil gates bertanggung jawab rakyat cacat seumur hidup,Sat May 24 04:17:25 +0000 2025
mati matian bela vaksin bill gates tidak mati matian suarakan kualitas rumah pasien tuberkulosis status gizi nya setan   koruptor utas end,Sat May 24 01:40:18 +0000 2025
mendengarkan keluhan masyarakat sebaiknya anggota disuntik vaksin tuberkulosis milik bill gates dulu bapak tambah sehat mendengar keluhan masyarakat,Sat May 24 00:39:51 +0000 2025
efek dokter vaksin bill gates,Sat May 24 00:24:08 +0000 2025
tinggal next vaksin papa bill gates,Fri May 23 23:54:29 +0000 2025
test the water dulu liat reaksi masyarakat soal aturan baru atur strategi lagi buat dorong vaksin tuberkulosis bill gates   masyarakat,Fri May 23 23:36:16 +0000 2025
waspada tolak vaksin tuberkulosis melalui menteri nya patut diduga menjadi sales vaksin bill gates datang   kemaren pengkianat,Fri May 23 16:42:08 +0000 2025
kamu dukung vaksin racun bill gates,Fri May 23 16:37:08 +0000 2025
berita indonesia jadi negara pengujian vaksin tuberkulosis bill gates duh apa kata dunia       sendiri bill gates dilepeh   negara negara dikecam   indonesia malah bersedia jadi percobaan buat rakyat sendiri coba coba,Fri May 23 14:52:06 +0000 2025
gimana dukung prabowo sdj memberi ijin rajyat nya   jadikan kelinci percobaan vaksin bill gates penegakan hukum pemberatasan korupsi omon hari kinerja nya hanya retorika pidato pencitraan omong kosong,Fri May 23 14:11:18 +0000 2025
vaksin tuberkulosis bill gates pengujian coba pengujian kedaulatan,Fri May 23 13:26:31 +0000 2025
indonesia belajar kasus vaksin bill gates   india,Fri May 23 12:44:11 +0000 2025
pengujian coba vaksin tuberkulosis milik bill gates   pengujian cobakan   indonesia menjadi berita   media rusia,Fri May 23 11:57:52 +0000 2025
kemenkes bantah vaksin tuberkulosis bill gates jadi syarat wajib perjalanan,Fri May 23 11:36:33 +0000 2025
november kandidat vaksin tuberkulosis yayasan bill melinda gates glaxosmithkline gsk protein rekombinan cansino perusahaan biofarmasi asal indonesia etana viral vector biontech perusahaan farmasi asal indonesia biofarma moderna,Fri May 23 11:23:04 +0000 2025
publik indonesia ramai membicarakan soal pengujian klinis tahap vaksin tuberkulosis isu kembali mencuat pertemuan presiden prabowo tokoh filantropi dunia bill gates mengumumkan indonesia menjadi salah satu negara tempat berlangsungnya pengujian klinis,Fri May 23 10:59:10 +0000 2025
rakyat trauma kebijakan mewajibkan vaksin covid,Fri May 23 09:49:56 +0000 2025
bill gates kurang tau apa soal teknologi toh akhirnya bikin vaksin memang semua ciptaan manusia ciptaan paling unik,Fri May 23 09:09:58 +0000 2025
viral narasi menteri kesehatan budi gunadi menetapkan vaksin tuberkulosis syarat naik pesawat kemenkes republik indonesia buka suara faktanya,Fri May 23 07:57:30 +0000 2025
viral narasi menteri kesehatan budi gunadi menetapkan vaksin tuberkulosis syarat naik pesawat kemenkes republik indonesia buka suara faktanya,Fri May 23 07:57:29 +0000 2025
kalau cocokologi nih pramono beberapa waktu lalu menyatakan siap ikut arahan pemerintah pusat jakarta dijadikan lokasi pengujian coba vaksin tuberkulosis bill gates apa mungkin hak tolak dimaksud lord dharma,Fri May 23 07:55:48 +0000 2025
viral menteri kesehatan wajibkan vaksin tuberkulosis bill gates jadi syarat perjalanan faktanya,Fri May 23 07:49:27 +0000 2025
copy kandidat vaksin tuberkulosis yayasan bill melinda gates glaxosmithkline gsk protein rekombinan cansino perusahaan biofarmasi asal indonesia etana viral vector biontech perusahaan farmasi asal indonesia biofarma moderna,Fri May 23 07:23:58 +0000 2025
kutakutkan efek samping vaksin bill gates jadi suka durian,Fri May 23 06:40:01 +0000 2025
vaksin astrazeneca   stra   neca artinya jalan kematian bagaimana menuju jalan kematian bila terjadi pembekuan darah kini kembali   hadapkan vaksin tuberkulosis kita tetap diam mengabulkan keinginan bill gates kawan kawan depopulasi,Fri May 23 06:33:44 +0000 2025
maaf bapak coba segerombolan penyakit diangkut jadi beban negara doang tau     bapak terhormat vaksin tuberkulosis bill gates dicoba   saja  ,Fri May 23 06:20:40 +0000 2025
lord dharma pongrekun ketemu sama gubernur jakarta pramono anung   balai kota hari ada woro woro apa apakah bahas vaksin tuberkulosis bill gates,Fri May 23 06:19:47 +0000 2025
sebenarnya mirip ijazah palsu ngaku dipercaya bill gates bukan berasal background kesehatan tapi pede bicara vaksin kita percaya kalau bukan bodoh coba namanya,Fri May 23 05:40:26 +0000 2025
baru ini hoax belum vaksin tuberkulosis saya cukup yakin yang terjadi menteri kesehatan antek bill gates pastikan bossnya uang vaksin tuberkulosis ada izin edar,Fri May 23 04:36:51 +0000 2025
pengujian coba tidak bijak mas kita manusia punya hak memilih ikut tidak ikut penelitian berita juga disampaikan tidak tepat vaksin   bukan punya bill gates dibiayai bill melinda gates medical research foundation,Fri May 23 02:27:38 +0000 2025
relate kondisi ini bill gates pengujian coba vaksin   indonesia,Fri May 23 00:56:31 +0000 2025
blm paham siapa bill gates tujuannya vaksin tuberkulosis gencar dijual salesnya merangkap menteri kesehatan   indonesia yang juga mantan dirut badan usaha milik negara inalum punya background pendidikan pengalaman kesehatan lalu urus kesehatan bangsa,Thu May 22 23:08:18 +0000 2025
allahu akbar lawan tolak keras vaksin tuberkulosis bill gates kalian menyesal,Thu May 22 22:27:34 +0000 2025
ternak mulyono jiwa corcanya bagus reaktif cocok dijadikan pengujian coba vaksin tuberkulosis punya bill gates,Thu May 22 16:41:41 +0000 2025
bill   bertambah banyak uang bisnis wabah vaksin covid vaksin lainnya satu kata membuat bill gates warren buffett jadi miliarder halaman all,Thu May 22 16:30:22 +0000 2025
rencana jahat adalah wabah covid vaksin covid nyamuk chip vaksin tuberkulosis ini memberi hibah bisnis jahat berjalan lancar dia mendapat untung besar pekerjaan tidak hilang digantikan kecerdasan buatan bill gates apa,Thu May 22 16:28:17 +0000 2025
prediksi adalah rencana jahat mengurangi manusia sama covid bilang prediksi alhasil rencana untuk manusia sakit meninggal ditambah virus berupa vaksin ada berani menangkap,Thu May 22 16:26:50 +0000 2025
wawancara vaksin bill gates   veritasium bikin vaksin lebih rumit jet engine skrg berapa tahun development jet engine sampe lepas landas bawa penumpang utuh vaksin covid dipake sampe tahun jadi sebenernya kelinci apa monyet hahaha,Thu May 22 13:36:52 +0000 2025
iya   state   the art penelitiannya belum bedain efek vaksin moderna virus covid sendiri yang bill gates investasi besar besaran sih beda makin makin dah emang sains terlepas kapital politik hahaha,Thu May 22 13:26:31 +0000 2025
bill gates nha tuberkulosis jualan vaksin laris luhut gas menteri kesehatan   kementerian lembaga anggaran dipotong tuberkulosis audit,Thu May 22 13:25:02 +0000 2025
sabar dulu suruh antri   covid   indonesia ingin pelonjakan kasus tuberkulosis dulu biar pengujian coba vaksin     bill gates lancar,Thu May 22 12:57:29 +0000 2025
curahan hati rakyat indonesia sangat mewakili sekali bill gates vaksin   memang baik pakai   depan publik dirimu anggota keluarga   yang menyuntikkan vaksin   jangan orang orang   bila jam ada efek buruk,Thu May 22 12:28:31 +0000 2025
setuju tolak vaksin tuberkulosis tolak adanya pandemi covid jilid kedua tolak pandemi tuberkulosis rakyat bersatu para sales bill gates memaksakan kehendak,Thu May 22 11:40:57 +0000 2025
klarifikasi hoax manipulated content dedi mulyadi sebut jawa barat siap jadi lokasi pengujian coba vaksin tuberkulosis bill gates beredar video   youtubeberedar unggahan berupa tangkapan layar artikel narasi mengeklaim gubernur jawa barat dedi mulyadi menyatakan provinsinya,Thu May 22 10:42:52 +0000 2025
terserah memang aman tampilkan   media dunia   bill gates sendiri   vaksin terlebih bukan orang orang   bawah kekuasaan dan   lakukan siaran langsung selama jam bila jam masih baik baik silahkan berikan   koruptor,Thu May 22 08:19:36 +0000 2025
indoneisa mah aman soalnya bersedia jadi lahan pengujian coba vaksin tuberkulosis nya bill gates,Thu May 22 08:12:06 +0000 2025
sukarelawan pengujian coba vaksin tuberkulosis bill gates,Thu May 22 07:58:18 +0000 2025
kalau misalkan vaksin percobaan bill gates berhasil dijalankan bakalan lagi deh vaksin bakal diuji cobakan   rakyat indonesia lha pemerintahnya malah seneng bukannya menentang,Thu May 22 00:09:21 +0000 2025
kerjasamanya pedagang vaksin global macam bill gates,Thu May 22 00:00:13 +0000 2025
lama ada syarat tambahan ada sertifikat vaksin tuberkulosis bill gates,Wed May 21 23:36:55 +0000 2025
memang antek vaksin bill gates harus direshuffle sesegera mungkin,Wed May 21 23:13:39 +0000 2025
eiits jakarta siap,Wed May 21 18:26:14 +0000 2025
dijadikan pengujian coba menerima vaksin tuberkulosis dibawa bill gates pertama kali ketua umum ansor seluruh anggotanya gimana siap,Wed May 21 17:21:01 +0000 2025
lama bawa bukti disuntik vaksin percobaan bill gates,Wed May 21 17:15:04 +0000 2025
hebat gubernur jawa barat warganya dijadikan kelinci percobaan semua warga jawa barat kecuali   vaksin tuberkulosis bill gates perintah,Wed May 21 17:00:43 +0000 2025
tinggal efek jangka panjang vaksin tuberkulosis rakyat dibeli bill gates seharga triliun buat jadi kelinci percobaan nerima dana sehat tidak nerima bom waktu hmm,Wed May 21 16:17:36 +0000 2025
indonesia menempati peringkat   kasus tuberkulosis terbesar   dunia vaksin dibahas   space vaksin       bill gates foundation vaksin lainnya sempat disebutkan dokter ahmad vaksin gamaleya rusia mtb vac spanyol,Wed May 21 14:50:54 +0000 2025
bahkan presiden   gas leading   israel diplomation relations with israel melalui dana hibah   fiji menolak ceasefired   perserikatan bangsa bangsa sekarang nerima vaksin bill gates bill gates salah satu investor besar idf indonesia semakin jauh marwah konstitusi,Wed May 21 14:50:39 +0000 2025
bahkan presiden   gas leading   israel diplomation relations with israel melalui dana hibah   fiji menolak ceasefired   perserikatan bangsa bangsa sekarang nerima vaksin bill gates bill gates salah satu investor besar idf negara kamu kembang kempis nyarik makan segininya,Wed May 21 14:37:20 +0000 2025
pertanda regulasi pengujian coba vaksin tuberkulosis buatan bill gates dipermudah dipercepat rakyat indonesia menolak dipersulit dipecat jangan tinggal   indonesia hati hati adu domba perpecahan pihak asing katanya sih hidup jokowi,Wed May 21 14:12:32 +0000 2025
adakah kaitannya vaksin dengan bill gates,Wed May 21 14:07:07 +0000 2025
konspirasi vaksin bill gates degradasi populasi dunia via,Wed May 21 13:50:29 +0000 2025
kop tah urang bandung siap awakna jadi pengujian coba vaksin tuberkulosis bill gates,Wed May 21 13:29:52 +0000 2025
emangnya vaksin bill gates tuh pengembangannya sampai mana vaksin       sudah lolos pengujian praklinik hasil aman efektif   hewan nah vaksin sedang memasuki pengujian klinis tahap akhirnya dirilis resmi sebuah vaksin,Wed May 21 13:12:50 +0000 2025
itu bill gates katanya sedang mengembangkan vaksin tuberkulosis baru dunia indonesia menjadi aalah satu lokasi pengujian coba vaksin lantas apa artinya buat benarkah akan menjadi kelinci percobaan yuk bahas lebih,Wed May 21 13:12:37 +0000 2025
vaksin tuberkulosis pengujian klinis bill gates   indonesia kabar baik malah bikin resah apa benar dijadiin kelinci percobaan pemerintah yuk bedah bersama fakta pro kontra vaksin dari sudut pandang mahasiswa farmasi,Wed May 21 13:12:33 +0000 2025
  bohongi bill gates saja nih konoha tidak berkata warga nya sendiri malah   jadikan kelinci percobaan vaksin,Wed May 21 12:58:00 +0000 2025
kaget banget liat kemarin akun influencer terkenal bikin teori konspirasi pas bill gates bikin kerjasama vaksin tuberkulosis hati pantes terpilih semenjak emang doomed   fail negara,Tue May 20 15:02:42 +0000 2025
bill gates pengujian coba vaksin memberi dana besar   pemerintah trilyunan rupiah vaksin   pengujian coba   rakyat gratis bill   ingin pengujian coba vaksin   negara   kasih trilyun penerima vaksin bila kipi vaksin saya,Tue May 20 14:15:56 +0000 2025
pro kontra vaksin tuberkulosis bill gates mulai diuji klinis begini kata ahli epidemiologi ugm,Tue May 20 13:53:14 +0000 2025
perguruan tinggi ternama   indonesia universitas gadjah mada ugm universitas airlangga unair menyatakan dukungan pengujian coba vaksin tuberkulosis terbaru dikembangkan pendanaan bill melinda gates foundation selengkapnya,Tue May 20 13:26:37 +0000 2025
hoaks filipina keluarkan surat penangkapan bill gates vaksin tuberkulosis beredar   media sosial mengenai surat penangkapan bill gates atas vaksin tuberkulosis pemerintah filipina,Tue May 20 12:53:31 +0000 2025
bodo big   for vaksin bill gates kalau vaksin bio farma okay,Tue May 20 12:50:09 +0000 2025
pake logika sama vaksin tuberkulosis bill gates gimana,Tue May 20 12:42:22 +0000 2025
selamat   warga jawa barat gubernur memberi bantuan sarat vasektomi buat mandul laki kini warga jawa barat siap pengujian coba vaksin bill gates paket komplit plit tau warga jawa barat seneng tidak,Tue May 20 12:35:23 +0000 2025
  iya yaa terus aku naca kasus vaksin covid juga kan yaa ngurusin bill gates jadi trust issue,Tue May 20 12:12:50 +0000 2025
sedarurat apa vaksin tuberkulosis hingga bgtu dipaksakan indonesia berada   kubu kapitalisme kepentingan ekonomi bill gates fasisme cara membunuh rakyat perlahan kelinci percobaan kita msh punya nasionalisme,Tue May 20 11:41:58 +0000 2025
pengujian klinis vaksin tuberkulosis bill gates butuh relawan mulai jualan vaksin,Tue May 20 11:14:38 +0000 2025
kerja sama bill gates foundation sangat berpengaruh kesehatan global terutama   indonesia fokus vaksin penyakit menular hubungan langsung korupsi terbukti meskipun kekhawatiran kapitalisme konsentrasi kekuatan,Tue May 20 10:59:38 +0000 2025
bill gates mengontrol world health organization bill gates pakar kesehatan saja bukan hanya orang berambisi mengurangi populasi penduduk   dunia uangnya adanya virus virus baru vaksin yuk cerdas,Tue May 20 10:43:15 +0000 2025
warga jateng rakyat bansos siap   pengujian coba vaksin bill gates,Tue May 20 10:26:16 +0000 2025
haram hukumnya percaya sama istana antek asing tolak lawan habis habisan vaksin tuberkulosis bill gates kalian ingin menyesal kemudian,Tue May 20 09:53:49 +0000 2025
sangat mengapresiasi langkah badan pengawas obat makananan memastikan keamanan vaksin tuberkulosis bill gates pengujian coba adalah upaya penting kesehatan masyarakat semangat terus badan pengawas obat makananan,Tue May 20 09:53:04 +0000 2025
waduh virus projo pro judi online rupanya merusak aplikasi kesehatan ironinya bill gates diberi karpet merah jadikan rakyat indonesia kelinci percobaan vaksin berbahaya,Tue May 20 09:49:44 +0000 2025
republik indonesia peringkat tertinggi penderita tuberkulosis   dunia yahya zaini dukung vaksin tuberkulosis bill gates,Tue May 20 09:30:00 +0000 2025
vaksin bukan racun bro cuman   gitu pengujian coba kalau berhasil   bill gates panen divaksin ikut sehat masalahnya kalau gagal rakyat susah bill gates senang dapet feed back data buat improve vaksinnya diulang sampai berhasil semoga aman,Tue May 20 08:55:38 +0000 2025
maaf ingin sehat alami tidak bill gates sndri ikut vaksin  ,Tue May 20 08:46:52 +0000 2025
berdasarkan analisis pernyataan bill gates menggunakan vaksin depopulasi vaksin mengubah orientasi seksual donald trump membahas agenda depopulasi terkait vaksin cenderung hoax ada bukti ilmiah sumber kredibel mendukung klaim gates,Tue May 20 08:34:22 +0000 2025
badan pengawas obat makananan sangat berperan penting memverifikasi kualitas keamanan vaksin tuberkulosis bill gates terima kasih atas pengabdiannya rakyat,Tue May 20 08:27:19 +0000 2025
ingat   perkiraan bln juli pengujian coba vaksin tuberkulosis bill gates dewan perwakilan rakyat dewan perwakilan daerah dewan perwakilan rakyat daerah itukan perwakilan rakyat para pejabat biar yang mewakili selanjutnya kaum,Tue May 20 08:25:18 +0000 2025
upaya badan pengawas obat makananan menilai mengevaluasi vaksin tuberkulosis besutan bill gates menunjukkan komitmen kuat kesehatan bangsa patut diberikan penghargaan,Tue May 20 07:56:45 +0000 2025
badan pengawas obat makananan selalu jadi garda depan perlindungan kesehatan bangsa pengujian coba vaksin tuberkulosis bill gates melalui pengawasan ketat badan pengawas obat makananan memastikan semuanya aman rakyat terima kasih atas dedikasinya,Tue May 20 07:31:33 +0000 2025
badan pengawas obat makananan bekerja keras memastikan vaksin tuberkulosis bill gates aman efektif masyarakat langkah sangat penting upaya melindungi kesehatan publik salut,Tue May 20 07:25:49 +0000 2025
lebih mengerikan vaksin elihat apa yang mereka alami terkutuklah kamu bill gates     hell,Tue May 20 06:58:56 +0000 2025
sedang ramai soal pengujian klinis vaksin tuberkulosis bill gates   indonesia pemerintah pastikan semua sesuai standar world health organization libatkan akademisi lokal simak selengkapnya   bawah,Tue May 20 06:53:20 +0000 2025
penting bos agenda vaksin merembet kemanusia sehat jadi apa menerima vaksin manusia hina model bill gates,Tue May 20 06:43:51 +0000 2025
terutama mngimpor vaksin sinawatra dokter thailand vaksin bill gates dokter amerika kan lae,Tue May 20 06:36:25 +0000 2025
rakyat bener   rela ngasih anaknya makanan berbakteri ecoli rela uang diefisiensikan transparansi   bill gates ngotot dapat jatah makan bergizi gratis mgkn bagi virus apa tuh dia jual vaksin obat,Tue May 20 06:29:45 +0000 2025
kesempatan tersebut sosok akrab disapa dokter donnie menilai diksi kelinci percobaan cukup menakutkan dalam pengujian klinis vaksin tuberkulosis seseorang bisa dipaksa ikut  ,Tue May 20 06:14:33 +0000 2025
cocok relawan vaksin tuberkulosis bill gates,Tue May 20 06:05:07 +0000 2025
yang vandalism gini dijadiin sukarelawan vaksin tuberkulosis bill gates,Tue May 20 06:03:31 +0000 2025
tolak lawan vaksin pembunuh produk bill gates,Tue May 20 05:42:04 +0000 2025
orang selamat vaksin tuberkulosis bill gates,Tue May 20 05:02:39 +0000 2025
keliru narasi ribu anak india lumpuh vaksin bill gates,Tue May 20 04:49:07 +0000 2025
rakyat dijadikan pengujian coba vaksin tuberkulosis bill gates mati rakyatnya hepi hepi pejabatnya kan bangsat,Tue May 20 04:41:46 +0000 2025
coba   menteri menteri masih muda beserta keluarga anggota dewan perwakilan rakyat berusia tahun   bawah beserta keluarganya plus grib cukup orang percobaan mendapatkan vaksin tuberkulosis sumbangan bill gates bila dianggap pemimpin beri contoh jangan memberi instruksi,Tue May 20 04:18:38 +0000 2025
tolak lawan keras vaksin tuberkulosis bill gates semuanya menyesal nantinya,Tue May 20 04:17:31 +0000 2025
dewan perwakilan rakyat amerika hasil kerjanya mencengkeram dunia dewan perwakilan rakyat indonesia walaupun gaji lebih gede hasil kerjanya cuma menjadikan rakyat kelinci percobaan vaksin tuberkulosis bill gates,Tue May 20 04:08:31 +0000 2025
heri pras riyadh bajrey mulyadi foto dakwah ali musri semua pendukung cocok buat relawan vaksin bill gates,Tue May 20 03:42:19 +0000 2025
video program vaksin tuberkulosis bill gates hingga pengujian klinis   indonesia,Tue May 20 03:27:37 +0000 2025
beda vaksin nya bill gates,Tue May 20 03:05:16 +0000 2025
saatnya rakyat menolak vaksin tuberkulosis bill gates haram percaya pernyataan kadinkes   jakarta   siaga hanya kelakuan kadinkes antek asing,Tue May 20 03:04:19 +0000 2025
beredar postingan     bilang angka autisme   vietnam naik gara gara vaksin tuberkulosis buatan perusahaan milik bill gates postingan juga pakai cuplikan film dokumenter kontroversial vaxxed sudah lama dibantah kebenarannya selengkapnya  ,Tue May 20 03:03:29 +0000 2025
  ribu sukarelawan pengujian coba vaksin banyak hibah bill gates kasih   relawan uang nya jangan kan ribu relawan juta relawan ingin ingin saja,Tue May 20 02:54:34 +0000 2025
tolak keras vaksin tuberkulosis bill gates kalian jadi korban bill gates,Tue May 20 02:46:15 +0000 2025
mulai keluarga ente beserta seluruh anggota dewan perwakilan rakyat daerah daerah khusus ibukota keluarganya,Tue May 20 02:37:19 +0000 2025
habiskan mumpung   sedang vaksin bill gates diantar namboru,Tue May 20 02:36:14 +0000 2025
harus rakyat jadi korban kata budi gunadi vaksin tuberkulosis bill gates aman kalau gitu kelinci percobaan keluarga sebagai pengujinya bagaimana,Tue May 20 02:27:17 +0000 2025
pemilih saja   suntik vaksin tuberkulosis   bill gates,Tue May 20 02:17:27 +0000 2025
beliau harusnya mendorong kader menjadi pertama disuntik ujicoba vaksin tuberkulosis bill gates jadi totalitas dukungannya oke,Tue May 20 01:39:10 +0000 2025
sudah kesepakatan warga jakarta kesiapan pengujian vaksin titipan bill gates,Tue May 20 01:27:55 +0000 2025
ayo partai keadilan sejahtera tunjukkan kalau partai tidak cuma omong kosong kasih contoh kader kalian jadi pertama diujicoba vaksin tuberkulosis bill gates,Tue May 20 01:24:43 +0000 2025
vaksin tuberkulosis bill gates salah besar orang sehat divaksin lihat kemarin vaksin covid semua disuntik bukannya antibodi gampang terserang penyakit hingga skrg dia untung besar bahkan pejabat rakyat menderita obat tuberkulosis alami puding susu,Tue May 20 01:11:20 +0000 2025
kayaknya anggota kader tidak sabar jadi pertama menguji coba vaksin salut gaes,Tue May 20 01:09:12 +0000 2025
ayo bapak menteri jadi pelopor pertama sukarelawan vaksin tuberkulosis bill gates dilanjut pejabat kemenkes menteri wamen berikut pejabatnya kepala badan stafsus utusan khusus,Tue May 20 01:02:54 +0000 2025
harusnya kaum persen siap jadi sukarelawan vaksin tuberkulosis bill gates,Tue May 20 00:51:51 +0000 2025
ayo mana nih katanya percaya sains anti hoaks ayo tunjukkan nyali badan pengawas obat makananan butuh relawan buat pengujian coba vaksin tuberkulosis disokong bill gates gratis lho jangan cuma jago debat   medsos buktikan integritasmu   lenganmu,Tue May 20 00:48:16 +0000 2025
sekarang jadi agen bill gates mencari kelinci percobaan vaksin tuberkulosis,Tue May 20 00:23:49 +0000 2025
apa bahaya vaksin apakah ada agenda tersembunyi bill gates,Mon May 19 23:48:42 +0000 2025
vaksin tuberkulosis ketelitian amerika apa harus pelajari bill gates food and drug administration,Mon May 19 23:13:59 +0000 2025
nonton podcast ibu fadilah supari belajarlah covid kedatangan vaksin tuberkulosis bill gates perlu dicurigai tiba jakarta darurat tuberkulosis jangan kehilangan kedaulatan tubuh sendiri ibu fadilah supari semoga allah melindungimu,Mon May 19 23:07:58 +0000 2025
budak world health organization berkata vaksin tuberkulosis aman menyuruh orang sebagai kelinci percobaan tidak dipungut biaya tidak   paksa bapak prabowo boleh melakukan ujicoba   lapas sukamiskin pantas dijadikan tikus percobaan,Mon May 19 22:20:57 +0000 2025
begitulah bapak mentri kan pebisnis jadinya semuanya   bisnis kan termasuk rakyat   bisnis kan   jadikan kelinci percobaan buat vaksin bill gates bayar itu parah,Mon May 19 20:00:44 +0000 2025
apa benar orang punya pinggang diatas ukuran lebih cepat mokat pada ukuran pinggang dibawah urusan mokat direlate   pinggang urusan pintar sehat dipaksain relate   gaji nnt urusan sehat panjang umur direlate   vaksin tuberkulosis bill gates,Mon May 19 18:24:05 +0000 2025
vaksin tuberkulosis bill gates bagaimana koran tahun cara mengurangi populasi cara vacsinasi,Mon May 19 17:08:21 +0000 2025
fyi bill melinda gates foundation sedang mendanai pengembangan vaksin tuberkulosis baru       digadang gadang menggantikan bcg kini masuk tahap pengujian coba besar besaran phase indonesia disebut sebut salah satu negara target pengujian coba,Mon May 19 15:51:39 +0000 2025
forum tanah air gelar dialog diskusi kebangsaan terkait pengujian coba vaksin tuberkulosis bill gates   indonesia,Mon May 19 15:32:44 +0000 2025
sama vaksin tuberkulosis   bawa bill gates,Mon May 19 15:17:14 +0000 2025
rakyat berhak menolak keras vaksin tuberkulosis bill gates,Mon May 19 14:54:04 +0000 2025
orang curiga sama vaksin   dibiayai bill gates bilang ngapain orang bukan ahli kesehatan ngomong soal potensi penyakit menular jangan bisnis doang   pikir lah bukannya bgs orang kaya biayai penelitian yang disampaikannya,Mon May 19 14:23:30 +0000 2025
sepertinya harus   vaksin bill gates,Mon May 19 14:17:16 +0000 2025
sedang vaksin bill gates tuh neng geulis botouhu,Mon May 19 14:17:09 +0000 2025
  duduk diam diam kat indonesiyal sana tunggu bill gates datang cucuk korang vaksin jadi tikus makmal,Mon May 19 14:09:52 +0000 2025
akhirnya kartel farmasi tertawa bahagia vaksin jualannya laku keras sia sia buang recehan menghasilkan uang gede hati   bill gates jahanam mengatakan betapa bodoh bangsa mudah   tipu daya tidak faham racun yang masuk ketubuh,Mon May 19 13:18:17 +0000 2025
lebih relawan disuntik pengujian coba vaksin tuberkulosis bill gates pengujian klinis vaksin tuberkulosis bernama   menuai pro kontra   tengah melambungnya angka penularan tuberkulosis   tanah air berhasilkah saksikan episode indonesia disuntik pengujian vaksin tuberkulosis bill gates sesaat,Mon May 19 13:15:00 +0000 2025
sangat badan pengawas obat makananan butuh ribu sukarelawan   pengujian coba vaksin bill gates gampang kalau cuma ribu comot dari daftar   bawah beres pake lama,Mon May 19 12:33:27 +0000 2025
mantan menteri kesehatan siti fadilah supari menilai indonesia membutuhkan vaksin tuberkulosis tengah dikembangkan yayasan milik bill gates gates foundation dia kemenkes ini dimkasimalkan tak membutuhkan vaksin siti,Mon May 19 12:17:58 +0000 2025
bgs meminta pengujian vaksin bill gates dia duluan harus   vaksin live disaksikan langsung publik berikut ilustrasi kecerdasan buatan pengujian vaksin tuberkulosis tersebut create   chatgpt,Mon May 19 11:36:50 +0000 2025
tonton bersama episode indonesia disuntik pengujian vaksin tuberkulosis bill gates malam pkl wib  ,Mon May 19 11:15:00 +0000 2025
  idi bilang vaksin tuberkulosis bill gates penamaannya keliru baru selesai guys,Mon May 19 10:45:43 +0000 2025
jadiin tumbal vaksin bill gates   ternak,Mon May 19 10:26:26 +0000 2025
orang kebanyakan vaksin bill gates,Mon May 19 10:00:31 +0000 2025
jadi relawan vaksin tuberkulosis sejatinya melimpah misal anggt projo joman grib jaya bara   seknas jokowi rkih rpjb sekber jkw kib pasbata anggt psi lebih cukup untuk suksesnya program bill gates,Mon May 19 09:53:07 +0000 2025
pengujian coba vaksin tuberkulosis bill gates   indonesia pengamat bisa keuntungan,Mon May 19 09:35:24 +0000 2025
sebaiknya diujicobakan   kader anggota dewan perwakilan rakyat dewan perwakilan rakyat daerah partai keadilan sejahtera dulu mengujia aman tidak partai keadilan sejahtera dorong menteri kesehatan segera pengujian coba vaksin tuberkulosis bill gates,Mon May 19 09:15:20 +0000 2025
lebih relawan disuntik pengujian coba vaksin tuberkulosis bill gates pengujian klinis vaksin tuberkulosis bernama   menuai pro kontra   tengah melambungnya angka penularan tuberkulosis   tanah air berhasilkah saksikan episode indonesia disuntik pengujian vaksin tuberkulosis bill gates senin,Mon May 19 09:15:00 +0000 2025
bill gates datang urusan vaksin tuberkulosis jangan lupa beliau intens mengkampanyekan daging sintetik seorang kawan nyoba tahun lalu beli   singapura rasanya lumayan bang antum ragu,Mon May 19 09:06:05 +0000 2025
pengujian coba vaksin tuberkulosis milik bill gates bukti prabowo menjual rakyat indonesia,Mon May 19 08:56:01 +0000 2025
aman sih vaksin tuberkulosis nya bill gates,Mon May 19 08:30:40 +0000 2025
mana bener nyari sukarelawan ribuan orang berbondong bondong jadi sukarelawan musti dimulai kebohongan siapa ajarin,Mon May 19 08:08:23 +0000 2025
saksikan episode indonesia disuntik pengujian vaksin tuberkulosis bill gates senin mei pukul wib  ,Mon May 19 07:57:59 +0000 2025
ambisius   vaksin manusia gampang sakit meninggal bisnis kecerdasan buatan dia berkembang dia pengen manusia bisa dikontrol barang pejabat peka soal aksi dana hibah,Mon May 19 07:56:19 +0000 2025
masa kata mak enih hujannya buatan biar vaksin tuberkulosis   bill gates laku terus omelin buat stop nonton yutub baca berita jelas dah sering bilang banyak hoaxnya   blio kagak percaya hadeh gimane ngasih taunya,Mon May 19 07:56:08 +0000 2025
haram hukumnya terima vaksin tuberkulosis bill gates silahkan partai keadilan sejahtera duluan divaksin jangan ajak ajak masyarakat menghalalkan haram,Mon May 19 07:47:23 +0000 2025
forum tanah air gelar dialog diskusi kebangsaan terkait pengujian coba vaksin tuberkulosis bill gates   indonesia,Mon May 19 07:47:00 +0000 2025
sorry bodoh malah ikut   vaksin kek kedunguan kamu bentar jadi makhluk pengujian cobanya wowok bill gates,Mon May 19 07:44:01 +0000 2025
minum obat   kasih dokter tifa skrg   cari bill gates     vaksin tuberkulosis sampean   vaksin,Mon May 19 07:22:40 +0000 2025
petisi tandatangani saya menyebarkan nya   semua orang super sentai boy sangat setuju kalau makelar obat vaksin bernama bill gates sarimin alias bgs diganti dosa nya sudah menumpuk penyembah vaksin jangan banyak banyak berbicara  ,Mon May 19 06:54:33 +0000 2025
bani lebih orangnya buat jadi kelinci percobaan nya bill gates mereka pasti bangga,Mon May 19 06:33:18 +0000 2025
usia maks berapakah vaksin tuberkulosis dikembangkan bill gates,Mon May 19 06:24:15 +0000 2025
rezim tuna etika memang tak dipercaya binatang ekonomi bill gates diberi jalan tol pengujian coba vaksin berbahaya bahkan diberi penghargaan padahal bill gates kerap dikepung demonstran   berbagai negara akibat bisnis kotornya,Mon May 19 06:20:51 +0000 2025
forum tanah air gelar dialog diskusi kebangsaan terkait pengujian coba vaksin tuberkulosis bill gates   indonesia,Mon May 19 06:10:08 +0000 2025
gimana ceritanya   bill gates nya ngasih duit pengujian cobanya sama sukarelawan alias gratisan menang banyak nih pemerintahannya link link,Mon May 19 05:52:53 +0000 2025
  salah satu contoh menteri kesehatan otak dengkul jilat kaki bill gates orang lulusan bikin windows dipercaya jualan vaksin pada dodol semua manut sama tukang bikin virus   windows jls lebih pinter bill gates meng oon   lulusan dokter,Mon May 19 05:28:10 +0000 2025
sebaiknya dulu yang diuji cobakan vaksin tuberkulosis milik bill gates memberi contoh masyarakat sekaligus membuktikan vaksin tuberkulosis tersebut aman,Mon May 19 05:26:20 +0000 2025
vaksin bill gates pengujian klinis akankah berbuah manis,Mon May 19 05:01:00 +0000 2025
rakyat wajib menolak keras vaksin tuberkulosis bill gates rakyat menderita mati,Mon May 19 04:32:47 +0000 2025
setujuh kalian kalau semua orang badan pengawas obat makananan berserta keluar besarnya menjadi kelinci percobaan vaksin tuberkulosis bill gates,Mon May 19 04:24:57 +0000 2025
india nerima vaksin gada tuh bill gates bangun pabrik vaksin   india,Mon May 19 03:47:52 +0000 2025
tuberkulosis   disponsori gates foundation bakal diuji klinis   indonesia epidemiolog griffith university australia dicky budiman sasaran lokasi pengujian klinis bukan merupakan eksploitasi warga partisipasi,Mon May 19 03:38:00 +0000 2025
kirain bill gates tuh cuma jualan microsoft ternyata jualan vaksin,Mon May 19 03:34:13 +0000 2025
informasi bukan vaksin pertama dibiayain bill gates vaksin pertama pneumococcal conjugate vaccin produksi biofarma lolos clinical trial indahnya double blinded randomized control trial general population tidak jadi kelinci percobaan kalau jadi kelinci percobaan,Mon May 19 03:33:56 +0000 2025
soal vaksin tuberkulosis bill gates menteri kesehatan siap diskusi bersama siti fadilah,Mon May 19 03:27:52 +0000 2025
prabwo hati hati memberikan pengujian klinis vaksin tuberkulosis bill gates vaksin dikabarkan dibuat disingapura kemudian diuji diindonesia adalah analisa keliru siapa akan bertanggung jawab terjadi buruk masyarakt indonesia,Mon May 19 03:07:18 +0000 2025
mantan menteri kesehatan siti fadilah supari indonesia tak butuh vaksin tuberkulosis bill gates,Mon May 19 02:59:47 +0000 2025
  jalankan program vaksin bill gates mulai banyak batuk pilek sekarang betul,Mon May 19 02:44:19 +0000 2025
disebelah mrh sama profesor mahfud pernyataan beliau menurut condong membela jokowi giliran profesor mahfud keluarkan pernyataan memojokkan jokowi ramai   muji mungkin maksud bill gates mereka   suntik vaksin tuberkulosis,Mon May 19 02:23:35 +0000 2025
sejumlah aktivis lsm dituduh pemerintah indonesia buzzenya sebutan antek asing pemerintah indonesia menjajakkan rakyatnya kelinci percobaan vaksin tuberkulosis dokter bill gates warga negara amerika serikat beserta vaksinnya antek asing aseng kominis atheis,Mon May 19 02:18:38 +0000 2025
hebat negara katanya pelindung rakyat malah jadi makelar vaksin asing rakyat dijadikan kelinci percobaan tubuh disewakan nyawa dipertaruhkan efek samping tinggal bilang risiko ternyata pemerintah lebih loyal   bill gates   rakyatnya sendiri,Mon May 19 02:07:09 +0000 2025
anggota komisi   dewan perwakilan rakyat ahmad   yat mendorong menteri kesehatan budi gunadi sadikin segera mewujudkan vaksin tuberkulosis milik bill gates dapat segera didistribusikan   masyarakat,Mon May 19 01:52:06 +0000 2025
bill gates eksperimen vaksin tuberkulosis   indonesia negara negara   afrika that should   fine,Mon May 19 01:02:50 +0000 2025
kitaa liat nanti disuntik pejabatnya yang ngomong   free lunch man nyogok pemerintah republik indonesia pake duit hibah bantuan makan bergizi gratis baru deh jualan vaksin otak cuannya bill gates biar jeksi tuh manusia gembel   trumph kasih   united states   america tidak disogok,Mon May 19 00:39:04 +0000 2025
keras ibu dokter dokter siti fadilah supari     mantan menteri kesehatan era susilo bambang yudhoyono ikut mengkritisi pengujian klinis vaksin tuberkulosis bill gates warga negara punya kedaulatan penuh atas tubuh tidak paksaan menjadi obyek pengujian klinis vaksin bersedia harus diikat,Mon May 19 00:34:25 +0000 2025
cuma pemerintah goblok   membiarkan rakyatnya sendiri jadi kelinci percobaan pihak asing kalau ingin bikinlah vaksin asli lokal memang terbukti para ahli nasional memang kompeten bill gates memang punya misi menghabisi sepertiga populasi dunia,Mon May 19 00:31:45 +0000 2025
mantan menteri kesehatan siti fadilah supari menyuarakan kekhawatirannya terkait rencana pengujian coba vaksin tuberkulosis milik bill gates   indonesia elkan jokowi amanda zahra senin,Mon May 19 00:21:45 +0000 2025
menteri kesehatan dongo lagi ngefly vaksin tuberkulosis bill gates,Sun May 18 23:48:53 +0000 2025
dokter fokus penelitian menciptakan vaksin vaksin bagus   malah ngurusin penting membuktikan tidak bisa ribut terus iya giliran bill gates memberi vaksin tuberkulosis gratis ribut pada gila,Sun May 18 22:28:43 +0000 2025
seharusnya gubernur walikota camat camat tingkat lurah   vaksin dulu diuji coba   rakyat rakyat menentang keras vaksin tuberkulosis bill gates,Sun May 18 20:39:53 +0000 2025
menteri kesehatan budi gunadi sadikin mengungkap vaksin tuberkulosis saat sedang diuji klinis tahap bukan produksi bill gates foundation,Sun May 18 20:00:00 +0000 2025
hukumnya haram menerima vaksin tuberkulosis bill gates tidak jelas rakyat wajib menolak keras atas vaksin haram buatan bill gates,Sun May 18 19:44:00 +0000 2025
haram hukumnya terima vaksin tuberkulosis bill gates rakyat berhak menolak sepenuhnya,Sun May 18 19:24:06 +0000 2025
alex jones bill gates orang jahat ketahuan menaruh bioweapons senjata biologi   vaksin melakukan ilegal testing anak mendanai kreasi covid weaponized vaksin polio hidup live polio vaccine tetes oral menyebabkan jutaan kematian,Sun May 18 19:06:49 +0000 2025
gemoy joget skrg gmna negara dijadiin pengujian coba vaksin bill gates dia nurut hahaha kocak,Sun May 18 18:58:03 +0000 2025
unpopular opinion walaupun lulus pengujian klinis fase terakhir belain tolak buta vaksin tuberkulosis dewasa mending tuntut ganti rugi perorangan kalau kipi efek samping serius fatal   bill gates biar apa menaikkan kepercayaan publik indonesia   vaksin,Sun May 18 17:18:54 +0000 2025
  loh pemerintah liat efek vaksin diberikan bill gates wanita hamil rakyat indonesia khususnya wanita sedang hamil jaga keshatan diri calon bayi kandunganmu,Sun May 18 15:10:04 +0000 2025
efek disuntik vaksin bill gates,Sun May 18 15:02:28 +0000 2025
bill gates dateng tawarkan pengujian coba vaksin tiba tiba diumumkan lonjakan kasus tuberkulosis malaysia mengkonfirmasi hampir minggu ratusan warganya terkena virus covid sehat sehatt semuanya,Sun May 18 14:47:18 +0000 2025
kisruh pengujian coba vaksin bill gates benarkah republik indonesia jadi kelinci percobaan,Sun May 18 14:38:00 +0000 2025
semua dapat dana hibah dokter bill gates foundation disuntik duluan   jakarta pertama divaksin pejabat menyetujui pengujian coba vaksin tuberkulosis gubernur wakil gubernur jajarannya sudah aman baru warganya,Sun May 18 14:04:44 +0000 2025
pengemis tau bapak mending urusin vaksin bill gates kayaknya mencurigakan,Sun May 18 13:53:23 +0000 2025
bill gates nek arep pengujian coba vaksin   depopulasi umat manusia sing model wong nginiki   gakpopo,Sun May 18 13:19:43 +0000 2025
keknya kelanjutan vaksin tuberkulosis bill gates,Sun May 18 12:53:55 +0000 2025
menteri kesehatan sebut vaksin tuberkulosis bill gates sedang diuji protokol ketat diterapkan,Sun May 18 12:48:26 +0000 2025
pernah denger kalau orang indonesia   tes tuberkulosis satu bakal banyak positif jadi yang   qrt mbaknya kayaknya pemerintah cuman cari alesan terkait persyaratan   bill gates lagipula kan vaksin tuberkulosis wajib saat bayi hahaha,Sun May 18 12:47:43 +0000 2025
mantan menteri kesehatan siti fadilah kaget indonesia jadi ajang pengujian coba vaksin tuberkulosis bill gates,Sun May 18 12:25:10 +0000 2025
wow rakyat indonesia jadi kambing itam ujian vaksin bill gates omg,Sun May 18 12:22:52 +0000 2025
polemik vaksin tuberkulosis bill gates perlindungan negara dipertanyakan,Sun May 18 12:03:11 +0000 2025
semenjak sering sakit   pasca vaksin booster covid sering masuk rumah sakit even berobat   negara tetangga saya sangat aware kesehatan baru indonesia kedatangan bill gates segala misinya membuat hati jadi miris,Sun May 18 11:50:06 +0000 2025
video vaksin tuberkulosis diuji ini bukan produksi bill gates foundation,Sun May 18 11:48:28 +0000 2025
menteri kesehatan vaksin tuberkulosis bill gates sedang diuji protokol ketat diterapkan,Sun May 18 11:35:47 +0000 2025
kekuatan dari bill gates pengujian coba vaksin,Sun May 18 11:16:07 +0000 2025
merdeka menolak vaksin bill gates pada rakyat indonesia sakit kembalikan uang bill gates,Sun May 18 11:15:08 +0000 2025
indonesia jadi kelinci percobaan vaksin tuberkulosis bill gates,Sun May 18 11:09:08 +0000 2025
menteri kesehatan tegaskan vaksin tuberkulosis bukan buatan bill gates glaxosmithkline,Sun May 18 10:48:35 +0000 2025
jokowil para anjing penjaganya layak   daftarkan pengujian coba vaksin tuberkulosis bill gates,Sun May 18 10:23:14 +0000 2025
dulu deh anggota beserta keluarga yang coba vaksin asal jangan diganti air vitamin   real vaksin bill gates sendiri,Sun May 18 09:51:05 +0000 2025
agenda ini akan digaungkan penyakit virus mempercepat pengujian coba vaksin bill gates siapa menggaungkan mendapatkan keuntungan siapa dirugikan rakyat yang dikorbankan,Sun May 18 09:45:21 +0000 2025
jakarta dipilih salah satu lokasi pengujian coba vaksin tuberkulosis tuberkulosis   terobosan medis didukung bill melinda gates foundation gubernur daerah khusus ibukota jakarta pramono anung memastikan kesiapan penuh kota mendukung program dengan keputusan akhir tetap   tangan,Sun May 18 09:36:09 +0000 2025
kukira cuman konspirasi ternyata serius dibisnisin sama presiden membuat warganya tuberkulosis terus jualin vaksin tuberkulosis nya bill gates,Sun May 18 09:22:04 +0000 2025
menteri kesehatan budi gunadi sadikin sebut pengujian coba vaksin tuberkulosis bill gates sesuai protokol internasional,Sun May 18 08:42:24 +0000 2025
kalau sekarang jangan lihat bill gates microsoft bill gates sekarang perwakilan kelompok elit global kelompok manusia menjadikan perang kesehatan penduduk bumi lahan bisnis kalau vaksin tuberkulosis sukses   pengujian coba tinggal   jual harga tinggi,Sun May 18 08:21:42 +0000 2025
dana hibah   bill gates kompensasi pengujian coba vaksin tuberkulosis bukan main main,Sun May 18 06:37:33 +0000 2025
  allahh capek mama tbtb ngomong dek bener sih vaksin   belgedes terus bingung hah belgedes apaan taunya bill gates,Sun May 18 06:32:54 +0000 2025
jadi nya emang negara berapa duit dokter bill gates kalau indonesia jadi tempat pengujian vaksin tuberkulosis   masyatakat harus masyarakat berkorban negara bukan pejabat berkorban jadi perwakilan rakyat disuntik vaksin tuberkulosis,Sun May 18 06:30:32 +0000 2025
ted   vaksin tuberkulosis gates bukan baru     periode jokowi approval vaksin     rilis keamanan badan pengawas obat makananan april pengujian tahap berjalan kedatangan gates lebih minta support makan bergizi gratis sepertinya   republik indonesia bill meresmikan yayasannya   singapura,Sun May 18 06:04:02 +0000 2025
kira brief nya dibayar berapa   bisa nya ingin   nangisin orang hartanya nambah berkali lipat sejak menjabat presiden mending jadi objek pengujian coba vaksin tuberkulosis bill gates deh yang nangisin pejabat,Sun May 18 06:03:53 +0000 2025
nunggu vaksin bill gates,Sun May 18 05:59:38 +0000 2025
menteri kesehatan jawab isu bill gates pengujian coba vaksin tuberkulosis   indonesia,Sun May 18 05:43:02 +0000 2025
masyarakatnya dijadiin kelinci percobaan vaksin bill gates,Sun May 18 05:29:50 +0000 2025
sengaja bikin gaduh biar isu vaksin bill gates ilang,Sun May 18 05:18:29 +0000 2025
inginn nama baik kan bapak presiden tinggalkan vaksin tuberkulosis depopulisasi kalau tercatat kaki tangan bill gates,Sun May 18 05:15:44 +0000 2025
vaksin tuberkulosis bill gates masuk pengujian klinis fase,Sun May 18 05:15:00 +0000 2025
ramai pengujian klinis vaksin tuberkulosis bill gates   indonesia menteri kesehatan sesuai protokol internasional,Sun May 18 04:52:43 +0000 2025
badan pengawas obat makananan republik indonesia efek samping vaksin tuberkulosis bill gates ringan,Sun May 18 03:57:17 +0000 2025
badan pengawas obat makananan republik indonesia efek samping vaksin tuberkulosis bill gates ringan,Sun May 18 03:57:04 +0000 2025
badan pengawas obat makananan republik indonesia efek samping vaksin tuberkulosis bill gates ringan,Sun May 18 03:56:52 +0000 2025
waspada   paksa ditipu vaksin bill gates,Sun May 18 03:12:23 +0000 2025
benar bill gates menaruh vaksin chip robot vaksin bisa mematikan manusia sekejap dengan menaruh vaksin   tubuh manusia chip tersebut,Sun May 18 01:28:10 +0000 2025
badan world health organization food and drug administration ada laporan ilmiah menunjukkan vaksin dirancang membahayakan teknologi chip yang disebutkan ada vaksin analisis diskusi     pencarian     kata kunci bill gates vaccine microchip periode,Sun May 18 01:24:19 +0000 2025
global pendanaan vaksin wawancara pernyataan dikutip bill gates menyatakan kebingungannya klaim seperti wawancara united states   america today januari   mana   berkata tidak tahu dari mana berasal teknologi,Sun May 18 01:23:56 +0000 2025
bill gates menanamkan chip melalui vaksin klaim dianggap viral   media sosial terutama   facebook tidak didukung fakta artikel juga menyinggung teknologi disebut sebut tanda tak terlihat mencatat vaksinasi,Sun May 18 01:23:20 +0000 2025
british broadcasting corporation artikel diterbitkan mei menyatakan klaim rencana bill gates menanamkan chip pelacakan melalui vaksin teori konspirasi global bukti bill melinda gates foundation eksplisit menyatakan klaim salah,Sun May 18 01:23:03 +0000 2025
chip   tubuh klaim sering dikaitkan teori konspirasi muncul selama pandemi covid   mana bill gates menjadi target perannya pendanaan penelitian vaksin melalui bill melinda gates foundation menjawab analisis dilakukan,Sun May 18 01:22:48 +0000 2025
sumber terpercaya memahami kebenaran catatan rinci latar belakang analisis pertanyaan berfokus klaim bill gates melalui vaksin didanainya memasukkan chip robot vaksin dapat membunuh manusia instan menanamkan,Sun May 18 01:22:42 +0000 2025
yayasannya menyangkal klaim kontroversi sering muncul selama pandemi sumber terpercaya british broadcasting corporation united states   america today membantahnya penjelasan singkat klaim tidak didukung fakta ilmiah vaksin didanai bill melinda gates foundation,Sun May 18 01:22:20 +0000 2025
jawaban langsung klaim bill gates memasukkan chip robot   vaksin vaksin dapat membunuh manusia instan melalui chip teori konspirasi bukti penelitian menunjukkan tidak teknologi itu vaksin bill gates,Sun May 18 01:22:11 +0000 2025
cek kesehatan terus nanti data medisnya dijual   investor cek kesehatan termasuk pengujian coba vaksin tuberkulosis nya bill gates makan bergizi gratis jadi racun vaksinasi,Sun May 18 01:19:56 +0000 2025
ini bagian rencana adanya ujicoba vaksin tuberkulosis nya bill gates,Sun May 18 00:08:58 +0000 2025
mulai   badut dlu persiapan program vaksin bill gates sebelumnya kominfo   badut tau judol kemenag sebelumnya   badut tau tau kabur   pansus haji coba perhatikan menteri mana yang capable   paksakan dia jadi operator,Sun May 18 00:04:46 +0000 2025
daftar calon penerima vaksin bill gates,Sat May 17 23:15:29 +0000 2025
tenang vaksin bill gates,Sat May 17 23:02:07 +0000 2025
pramono sebut jakarta siap jadi lokasi pengujian coba vaksin tuberkulosis bill gates,Sat May 17 22:53:55 +0000 2025
klaim anak   india lumpuh akibat vaksin polio terkait bill gates benar data resmi world health organization pengecekan fakta afp boom live menunjukkan kasus lumpuh akibat vaksin vaccine sssociated paralytic poliomyelitis sangat jarang per juta dosis india bebas polio,Sat May 17 19:23:56 +0000 2025
bill gates bicara vaksin tuberkulosis kadinkes daerah khusus ibukota mendadak ungkap     jakarta siaga pakar epidemiolog dicky budiman menanggapi fenomena meningkatkannya kasus penyakit tuberkulosis tuberkulosis   ratusan     jakarta,Sat May 17 17:25:18 +0000 2025
bill gates pengujian coba vaksin noh bilang didikte orang asing noh depan mata,Sat May 17 16:37:41 +0000 2025
mungkin   bidan sepi target vaksin masal coba lapor   budi sadikin minta jadi juru vaksin bill gates,Sat May 17 16:36:40 +0000 2025
biasanya umur segitu rentan terkena tuberkulosis bapak ayo saatnya mencoba vaksin tuberkulosis bill gates,Sat May 17 16:26:44 +0000 2025
pdhl sendiri antek asing   beri dana hibah triliun   bill gates langsung approv pengujian vaksin tuberkulosis buat rakyatnya,Sat May 17 16:24:48 +0000 2025
bill gates punya vaksin cerdas sih kalau tolong fufufafa divaksin dulu biar bikin malu kerajaan wakanda,Sat May 17 15:27:21 +0000 2025
coba disuntik vaksin bill gates yang perdana mungkin waras,Sat May 17 15:06:37 +0000 2025
gubernur jakarta pramono anung menyatakan kesiapan pemerintah provinsi pemerintah provinsi ditunjuk salah satu lokasi pengujian coba vaksin tuberkulosis tuberkulosis didukung bill melinda gates foundation  ,Sat May 17 15:05:50 +0000 2025
bill gates bicara vaksin tuberkulosis kadinkes daerah khusus ibukota mendadak ungkap     jakarta siaga,Sat May 17 14:48:43 +0000 2025
vaksin tuberkulosis   diberikan lebih partisipan sejak pertama kali diuji klinis   eropa ini vaksin tersebut memasuki tahap pengujian klinis fase,Sat May 17 14:45:00 +0000 2025
pertanda gaji juta urutan pertama vaksin bill gates,Sat May 17 14:30:51 +0000 2025
bill gates bicara vaksin tuberkulosis kadinkes jakarta mendadak ungkap     jakarta siaga,Sat May 17 14:25:53 +0000 2025
kelinci percobaan sukarelawan badan pengawas obat makananan butuh ribu sukarelawan buat pengujian coba vaksin tuberkulosis bill gates gratis,Sat May 17 14:18:56 +0000 2025
orang ggal pham kyakny sbnarny diprotes vksin nya   bill gate tau kan jejak   bill gates   bnyak bnernya bill gates kolaborasi sama pmerintah skrg mnakutkan sumpah diprcaya nya kalau   vaksin kira bisa   pcaya psti msyarakatny tidak akn mnolak,Sat May 17 13:56:17 +0000 2025
die tidak sabar nyebar vaksin bingung baru dapet duit bill gates tidak fokus,Sat May 17 13:52:50 +0000 2025
kepala badan pengawas obat makananan republik indonesia taruna ikrar mengungkap tempat pengujian klinik vaksin tuberkulosis tuberkulosis kerja sama bill gates   indonesia   mana dan apa   manfaat indonesia jadi tempat pengujian klinik fase vaksin       alias vaksin   simak infografisnya,Sat May 17 13:36:27 +0000 2025
menteri kesehatan dulu covid reda vaksin kini indonesia siap pengujian vaksin tuberkulosis bill gates,Sat May 17 13:15:02 +0000 2025
mungkin sedang bingung ngomong apa soalnya netizen kritik rakyat dijadikan object percobaan vaksin milik bill gates,Sat May 17 13:05:00 +0000 2025
asli narasi publik muncul pertama kali sejak bill gates datang buat vaksin tuberkulosis memang jelek sangat indoneisa negara percobaan bisa agenda health security sebesar tapi strategi komunikasi risikonya ancur pisan,Sat May 17 12:59:15 +0000 2025
iya otaknya korslet sejak bill gates datang pengujian coba vaksin,Sat May 17 12:57:17 +0000 2025
maraknya ancaman penyakit tuberkulosis   jakarta pramono anung ungkapkan siap mengikuti arahan pemerintah pusat vaksin tuberkulosis bill gates pramono mengatakan siap jakarta ditunjuk menjadi salah satu lokasi pengujian coba vaksin tuberkulosis   terserah pemerintah pusat kalau pemerintah,Sat May 17 12:55:08 +0000 2025
vaksin percobaan bill gates dicobakan dulu   pemerintah mulai presiden wakil presiden dewan perwakilan rakyat majelis pemusyawaratan rakyat dewan perwakilan rakyat daerah semua kementrian lurah baru terakhir   rakyat,Sat May 17 12:52:43 +0000 2025
mantan menteri kesehatan ibu siti fadilah supari bongkar agenda tersembunyi vaksin tuberkulosis bill gates,Sat May 17 12:44:14 +0000 2025
makan tuh vaksin bill gates,Sat May 17 12:40:58 +0000 2025
manusia tolol bin dungu minim literasi kamu tau seberapa efektif vaksin tuberkulosis dipelopori bill gates diangka   lalu apa urgensinya vaksin tuberkulosis tersebut   wajib kan otak dipakailah dikit jangan ngewe terus kamu banyakin   sorry kamu kan pelangi,Sat May 17 12:40:47 +0000 2025
kalau rasa menteri kesehatan rasa bisnis empati orang minim   sama masyarakat   apa beratnya   ganti apa titipan world health organization kita ketahui bill gates punya andil bsr   organisasi jual vaksin  ,Sat May 17 12:31:30 +0000 2025
cari kelinci percobaan sukarelawan badan pengawas obat makananan butuh ribu sukarelawan buat pengujian coba vaksin tuberkulosis bill gates gratis,Sat May 17 12:18:47 +0000 2025
keras menteri kesehatan era susilo bambang yudhoyono soal vaksin tuberkulosis bill gates pengujian cobanya   via,Sat May 17 12:18:36 +0000 2025
terserah kamu ngomong apa kamu presiden boneka jokowi banyak omong program kamu nol semua skrg kamu jual rakyatnu bill gates silakan kamu vaksin keluargamu keluarga jokowi seluruh ajudanmu pasukanmu jangan anak kami butuh makan gratis darimu,Sat May 17 12:17:23 +0000 2025
bill gates   indoneisa bukan sekedar jualan vaksin juga jualan tanaman mandul pertanian lain,Sat May 17 12:14:11 +0000 2025
curiga gerak gerik pejabat pemerintahan bupati gubernur menjadikan indonesia negara kedua bergabung afrika nyatanya negara tidak banyak masalah bill gates ingin membawa vaksin   sini bikin curiga sebenarnya apa,Sat May 17 12:12:52 +0000 2025
  video kemungkinan besar diedit menyebarkan informasi salah klaim bill gates mengadvokasi depopulasi vaksin moderna menyebabkan kematian tahun vaksin menciptakan penyakit aids kanker didukung bukti ilmiah faktanya,Sat May 17 12:12:31 +0000 2025
kalau usul bagaimana pengujian klinis vaksin tuberkulosis dimulai keluarga jokowi dulu misal pertama   jokowi itu   iriana gibran istri gibran seterusnya,Sat May 17 12:09:52 +0000 2025
skeptis klaim   video tidak bukti bill gates bilang miliar orang dieliminasi kemungkinan disinformasi vaksin moderna tampak aman berdasarkan studi centers for disease control and prevention ema bukti kematian tahun inisiatif kesehatan global   afrika fokus,Sat May 17 12:03:16 +0000 2025
menteri kesehatan pastikan pengujian klinis vaksin tuberkulosis bill gates sesuai protokol,Sat May 17 11:54:19 +0000 2025
bersiap siaplah lndonesia bakal pegang record nomor dunia dibidang penduduk terbesar pengidap autisme pasca   vaksin tuberkulosis bill gates,Sat May 17 11:48:09 +0000 2025
dulu kalau diminta vaksin contoh kemaren vietnam lonjakan autism gegara vaksin dibuat bill gates,Sat May 17 11:31:25 +0000 2025
hayo sejauh mana kamu tahu terkait vaksin tuberkulosis bill gates mengapa memilih indonesia,Sat May 17 11:26:44 +0000 2025
bapak jangan jadikan anak sebagai kelinci percobaan vaksin bill gates  ,Sat May 17 11:26:26 +0000 2025
orang pertama akan mendapatkan vaksin bill gates,Sat May 17 11:24:07 +0000 2025
dukung bill gates silahkan jadi   vaksin terlebih,Sat May 17 11:21:50 +0000 2025
tolak vaksin bill gates,Sat May 17 11:06:03 +0000 2025
vaksin tuberkulosis ingat tentang vaksin corona boss nya sama bill gates jgan diperbudak kedua kalinya,Sat May 17 10:48:39 +0000 2025
bill gates bicara vaksin tuberkulosis kadinkes daerah khusus ibukota mendadak ungkap     jakarta siaga,Sat May 17 10:34:33 +0000 2025
india menuntut yayasan gates   pengadilan anak anak   india menderita cacat lumpuh permanen akibat langsung vaksin polio bill gates belajarlah kasus india,Sat May 17 06:28:13 +0000 2025
pram ikut arahan pusat bila jakarta jadi lokasi pengujian coba vaksin tuberkulosis bill gates,Sat May 17 06:19:16 +0000 2025
jadi kalau peduli vaksin kesehatan bersama kampanye melawan kebiasaan merokok harus dibarengi kampanye vaksin open source bebas paten bill gates musuh open source baik waktu jaman microsoft maupun biotek apa ada entitas,Sat May 17 06:19:15 +0000 2025
jangn percaya ingat   vaksin     negara vietnam myanmar kasus ank autisme meningkat negaranya mendukung vaksin   bill gates bahaya,Sat May 17 06:18:51 +0000 2025
kalau anggota plus orang plus anggota kabinet ditambah keluarga istri suami anak nya berarti orang lebih dokter cukup pengujian coba vaksin tuberkulosis bill gates jadi tak perlulah rakyat diikut sertakan pengujian coba cukup diwakilkan,Sat May 17 06:18:19 +0000 2025
terus pas hadir vaksin bill gates kamu tidak cek dulu vaksinnya gimana percaya sama bill gates orang kemenkes otak kamu kosong pelajarin siappa bill gates dia cuma cari uang bisnis kesehatan bodoh dipelihara,Sat May 17 06:05:47 +0000 2025
angka autisme   vietnam melonjak peluncuran vaksin bill gates waspada wajib tolak sayangi keluarga,Sat May 17 06:05:17 +0000 2025
semoga indonesia menduduki rangking pertama dunia penduduk terbesar penderita autisme pasca vaksin tuberkulosis bill gates,Sat May 17 06:01:57 +0000 2025
soal vaksin tuberkulosis bill gates bisa langsung dukung gitu yak bisa yak,Sat May 17 05:58:05 +0000 2025
ada bukti pemerintah amerika melarang warganya   indonesia terkait kedatangan bill gates pengujian vaksin tuberkulosis advisory perjalanan   level menyebut risiko terorisme bencana alam menyebut vaksin pengujian vaksin tuberkulosis         indonesia didukung,Sat May 17 05:43:52 +0000 2025
stidaknya ucapan bill gates thd presiden prabowo kondisi indoneisa tepat negara miskin bukan negara maju cocok jadi district eksklusif ujicoba vaksin tuberkulosis,Sat May 17 05:43:03 +0000 2025
benar pemerintah amerika melarang warganya   indonesia kedatangan bill gates ingin menguji vaksin tuberkulosis   indonesia,Sat May 17 05:41:31 +0000 2025
vaksin tuberkulosis bill gates susah selayaknya dicobakan   dprri dewan perwakilan rakyat daerah kementrian kementrian lembaga pemerintah lainnya diuji coba   rakyat rakyat menolak keras,Sat May 17 05:40:24 +0000 2025
kalau   luar negeri pengujian vaksin sukarelawan   bayar disini   bayar pemerintah terus ingin mewajibkan tuberkulosis pakai vaksin bill gates,Sat May 17 05:40:23 +0000 2025
  benar pake narasi tiba kasus tuberkulosis diberitain yaa soal indonesia pandemi tuberkulosis yaa kan memang dulu kan apa kalau sekarang kan pas bill gates bawa vaksin   indonesia yaa kalau bill gates bawa kuasa hukum nuntut mangdu gimana soal narasi,Sat May 17 05:36:03 +0000 2025
padahal adanya bill gates ngasih vaksin   indoneisa emang banyak pasien tuberkulosis   data world health organization indoneisa urutan   terbanyak,Sat May 17 05:32:19 +0000 2025
apa juga melakukan pengujian coba vaksin tuberkulosis dibuat bill gates ingin   korbankan rakyat indonesia dalil terlalu banyaknya rakyat indonesia terjangkit penyakit tuberkulosis kentut telek,Sat May 17 05:26:29 +0000 2025
emang tidak tau apa juta lapker tuh buat buzzer banyak nih isu perlu buzzer buat like konten youtube nya   fufufafa buzzer makan bergizi gratis buzzer ijazah buzzer vaksin bill gates banyak nah lapker   janjinn,Sat May 17 04:36:53 +0000 2025
menteri kabinet merah putih anggota dewan perwakilan rakyat dewan perwakilan rakyat daerah para anggota dewan perwakilan daerah para anggota keluarganya harus diuji klinis vaksin tuberkulosis nya bill gates,Sat May 17 04:24:32 +0000 2025
simple suruh bill gates jadikan keluarga nya   vaksin dulu sample itu vaksin sama   orang,Sat May 17 04:00:15 +0000 2025
sejak tahun ditemukan kasus autisme vietnam tetiba tahun bill gates fondation meluncurkan vaksinasi kasus autisme meningkat   vietnam sbentar bill gates pengujian coba vaksin nya dimari sapa tahu anak ente abis   vaksin jadi spiderman,Sat May 17 03:28:55 +0000 2025
dokter dokter siti fadilah supari     mantan menteri kesehatan republik indonesia memberi tanggapan atas program vaksin tuberkulosis bill gates trauma masyarakat kehilangan kedaulatan tubuhnya sendiri   presiden,Sat May 17 03:18:27 +0000 2025
bill melinda gates foundation mendanai vaksin covid lebih united states   america miliar termasuk united states   america juta covax akses   negara miskin awalnya menentang penghapusan hak paten dikritik melindungi kepentingan farmasi,Sat May 17 02:59:20 +0000 2025
menghambat akses vaksin   negara miskin maksudnya gimana dijelaskan lebih detil peran bill melinda gates foundation hal,Sat May 17 02:56:45 +0000 2025
menjadi biasa kan kam emang tuberkulosis penyakit puluhan tahun terus nyuruh vaksin   bill gates kamu sehat bill gates siapa cuma cari uang kesehatan bukan ahli kesehatan jangan bego amatlah jadi orang,Sat May 17 02:40:46 +0000 2025
penjelasan vaksin tuberkulosis didanai bill gates   indonesia vaksin       diuji coba   indonesia afrika selatan lainnya melawan tuberkulosis penyakit membunuh orang per tahun   indonesia pengujian coba melibatkan ilmuwan lokal didukung world health organization kontroversi,Sat May 17 02:22:42 +0000 2025
tolak uiji vaksin tuberkulosis bill gates haramjadah,Sat May 17 02:16:16 +0000 2025
paling menyebalkan wabah menular nyerangnya diem diem kata temenku yang epidemiologists jauh perkara vaksin bill gates jadi semua orang indonesia punya tuberkulosis latent saking suburnya tuberkulosis   negara tropis kayak indonesia,Sat May 17 02:15:10 +0000 2025
mantan menteri kesehatan kaget indonesia jadi ajang pengujian coba vaksin tuberkulosis bill gates,Sat May 17 02:03:15 +0000 2025
kematian angka bukan kemanusiaan negara miskin indonesia tragis tinjau untuk vaksin tuberkulosis jangan biarkan bill gates makin kaya rakyat indonesia jadi korbannya,Sat May 17 01:50:29 +0000 2025
bapak pram jangan asal   jadikan rakyat kelinci percobaan vaksin belum jelas hasil tes nya walaupun pembuatnya bill gates kalau perlu   tes sendiri dulu   indonesia,Sat May 17 01:48:18 +0000 2025
dokter anthony pham berkebangsaan vietnam amerika menyatakan ada autisme   vietnam bill gates membeli vaksin vaksinnya   vietnam vietnam memiliki apa apa ada seperti autisme tahun tahun tahun ada,Sat May 17 01:12:54 +0000 2025
tolak bill gates bisnis vaksin pikir donk efek sampingnya generasi muda anak bangsa   masa akan datang jangan investasi mikir jangka panjangnya buat sendiri pejabat tidak dapat fee rugi donk menteri kesehatan kamu jujur,Sat May 17 01:10:59 +0000 2025
mantan menteri kesehatan siti fadilah kaget indonesia jadi ajang pengujian coba vaksin tuberkulosis bill gates,Sat May 17 01:04:33 +0000 2025
ibu profesor punten pisan mencekam ketika bill gates datang tiba bawa sample vaksin   tojoskeun   beberapa warga indonesia,Sat May 17 00:59:37 +0000 2025
juga bawa narasi konspirasi pas berita vaksin tuberkulosis bill gates bukan lagian aneh sangat tampang progresif masih percaya teori konspirasi,Sat May 17 00:44:57 +0000 2025
mantan menteri kesehatan siti fadilah kaget indonesia jadi ajang pengujian coba vaksin tuberkulosis bill gates,Sat May 17 00:39:33 +0000 2025
eektivitasnya tbparu dewasa berkurang,Sat May 17 00:18:04 +0000 2025
ada bukti ilmiah vaksin termasuk didukung bill gates menyebabkan peningkatan autisme   vietnam penelitian global studi anak   denmark anak menunjukkan ada hubungan vaksin autisme   vietnam,Sat May 17 00:08:54 +0000 2025
bill gates memiliki perusahaan vaksin bisnis vaksin langsung melalui bill melinda gates foundation mendanai penelitian pengembangan distribusi vaksin kesehatan global terutama   negara berpenghasilan rendah melalui gavi covax,Sat May 17 00:06:48 +0000 2025
benarkah angka autisme   vitenam meningkat vaksin bill gates diuji coba   sana,Sat May 17 00:06:38 +0000 2025
bill gates bisnis vaksin punya perusahaan vaksin,Sat May 17 00:04:21 +0000 2025
  dari kamu sendiri ajg biarin bill gates ngeluarin vaksin buat rakyat indonesia,Fri May 16 23:50:12 +0000 2025
lolos agenda elite global melalui bill gates pmrintah canangkan vaksin tuberkulosis pesawat asing ada izin alasan pembasmian virus pdhl nyebarin virus kalau nonton youtube nya bossdarling eps   virus   sebar lebih jahat menit kbrpa nya lupa,Fri May 16 21:25:45 +0000 2025
enak kalau jadiin kelinci percobaan bayar minimal juta orang asuransi lha gimana negara menjual rakyatnya ketengan united states dollar jiwa kan cuman kasih dana beberapa ratus juta united states dollar kan ndak   idr kan bagien juta,Fri May 16 19:05:38 +0000 2025
hehe mbokya googling klasemen penderita tuberkulosis global tahun terakhir liaklah indonesia   peringkat piro its not tiba tiba gaada peduli selama baru ada ingpo trial vaksin bill gates semuanya mendadak peduli,Fri May 16 17:46:52 +0000 2025
paham podcast membahas pengujian coba vaksin tuberkulosis   indonesia didukung bill melinda gates foundation fakta menunjukkan indonesia ikut pengujian klinis global       vaksin tuberkulosis bersama enam negara karena beban tuberkulosis tinggi   sini manfaatnya,Fri May 16 16:50:39 +0000 2025
asal kalian tau kemarin bill gates   indonesia ingin pengujian coba vaksin harus waspada nama virusnya stupid cuma baca twit dokter akun langsung goblok ayo block akun dokter kalian jadi kelinci percobaan bill gates,Fri May 16 16:34:31 +0000 2025
jurnalpatrolinews jakarta mantan menteri kesehatan republik indonesia siti fadilah supari menyampaikan rasa heran keprihatinannya,Fri May 16 16:33:41 +0000 2025
denial tuberkulosis bnyak   indonesia gila prah mereka penganut konspirasi disuruh dekat sama batuk batuk tidak berani konspirasi soal vaksin bla bla bill gates sih gimana bantu sosialisasi nya,Fri May 16 16:33:24 +0000 2025
direstui badan pengawas obat makananan fraksi gerindra dukung siap kawal pengujian klinis vaksin tuberkulosis bill gates,Fri May 16 16:18:47 +0000 2025
bentar tuberkulosis merebak pakai vaksin tuberkulosis bill gates pengujian klinis,Fri May 16 15:43:16 +0000 2025
siti fadilah supari bongkar agenda tersembunyi vaksin tuberkulosis bill gates,Fri May 16 15:27:48 +0000 2025
pengujian klinis fase ketiga vaksin tuberkulosis bill gates   indonesia dimulai september era jokowi presiden prabowo baru mengumumkannya kamis pekan lalu pengujian klinis menjadi sorotan disertai dana hibah gates   indonesia sebesar   triliun,Fri May 16 15:14:05 +0000 2025
trial vaksin tuberkulosis bill gates artinya apa   bapak prabowo,Fri May 16 15:08:06 +0000 2025
siti fadilah supari bongkar agenda tersembunyi vaksin tuberkulosis bill gates,Fri May 16 14:18:36 +0000 2025
pasti bill gates tidak peduli kesehatan kalian dia pedulikan cuma jualan vaksin uang,Fri May 16 14:00:33 +0000 2025
menteri kesehatan calo vaksin nya bill gates,Fri May 16 13:31:43 +0000 2025
pas sangat bill gates kan test vaksin tuberkulosis   indonesia,Fri May 16 12:48:03 +0000 2025
komentar terhadap indormasi berikut gimana guys berdasarkan gambar informasi terkini tersedia klaim vaksin polio didukung bill gates menyebabkan anak lumpuh permanen   india hoaks teori konspirasi telah dibantah,Fri May 16 12:33:49 +0000 2025
ini mah ujungnya   vaksin nya bill gates,Fri May 16 12:19:45 +0000 2025
bill gates pengujian coba vaksin tuberkulosis   negeri tingkat kemiskinan tinggi tempat bersarangnya penyakit tuberkulosis bila kemiskinan sll mendekatkan kekufuran minimnya wawasan kesehatan sanitasi   miskin   jadi kelinci percobaan   kecamuk marah sistem korupsi,Fri May 16 11:46:37 +0000 2025
gasuka pemerintah tapi logika mesti jalan gaada tiba indonesia tuh ranking tingkat tuberkulosis dunia separah makanya bill gates sampe vaksinasi tuberkulosis   indonesia ada dan ada vaksin bill gates penjalaran tuberkulosis   indonesia tinggi   the way,Fri May 16 11:45:53 +0000 2025
syarat buzzer   naik     wajib punya sertifikat vaksin tuberkulosis bill gates,Fri May 16 11:03:26 +0000 2025
vaksin tuberkulosis bikinan bill gates tau kapan pelaksanaannya badan pengawas obat makananan beri ijin rakyat indoneisa dijadiin kelinci percobaan karna banyak nolak muncul berita sebanyak     jakarta berstatus siaga tuberkulosis aku tidak,Fri May 16 11:01:20 +0000 2025
badan pengawas obat makanan republik indonesia badan pengawas obat makananan republik indonesia resmi memberikan persetujuan pelaksanaan pengujian klinik tahap tiga vaksin tuberkulosis dikembangkan konglomerat bill gates   indonesia,Fri May 16 11:00:00 +0000 2025
makan makan bergizi gratis janlup jadi kelinci percobaan vaksin bill gates enak masa rakyatnya terus sacrifice,Fri May 16 10:48:10 +0000 2025
tau soal deal   vaksin bill gates tapi kalau soal tuberkulosis emang tidak tiba bahkan covid puskesmas punya program memantau ketat orang tuberkulosis   kasusnya emang banyak rentan menular,Fri May 16 10:46:39 +0000 2025
pemerintah waknda pinter kalau soal   bodohin rakyatnya sendiri walaupun   suntikan   pejabat paling bukan vaksin bill gates filing gua dulu kan pejabat   suntik vaksin covid gua rasa bukan vaksin sam   suntikan  ,Fri May 16 10:37:11 +0000 2025
nasib negara miskin warganya dijadikan kelinci percobaan cek bill gates   negara mana   menawarkan ujicoba vaksin tuberkulosis nah indoneisa disejajarkan negara tersebut trmsk kategori negara miskin,Fri May 16 10:32:39 +0000 2025
ketua umum   idi samet budiarto mengimbau pemerintah memberikan informasi seluas luasnya terkait kebijakan pemerintah meluluskan yayasan bill gates melakukan pengujian coba vaksin   indonesia,Fri May 16 10:29:55 +0000 2025
orang jadi sampel vaksin tuberkulosis bill gates lewat,Fri May 16 10:24:13 +0000 2025
katanya berita bill gates kasih   yak andai masing sukarelawan dikasih masing juta sepertinya sudah   sop kan mungkin itu maksud bill gates ngasi     diberikan   kandidat orang bakal   vaksin uang duka gitu,Fri May 16 10:09:38 +0000 2025
kan trump bilang   salah satu komentarnya george soros bill gates bikin vaksin nantinya bikin anak jadi gay autis,Fri May 16 10:06:43 +0000 2025
rakyat wajib menolak mentah mentah vaksin tuberkulosis bill gates,Fri May 16 09:22:07 +0000 2025
promotor vaksin tuberkulosis bill gates jangan bermental calo teriak vaksin dipake aman dorinya teriak malah ngacir ingin pake,Fri May 16 09:14:03 +0000 2025
badan pengawas obat makananan resmi ijinkan pengujian coba vaksin tuberkulosis bill gates   indonesia,Fri May 16 09:10:00 +0000 2025
mulaikk cara menjual vaksinnya bill gates menakut   rakyat kalau rakyat takut cara berubah terima vaksin tuberkulosis nya bill gates tidak boleh mengaksea ruang publik persis vaksin covid lihat,Fri May 16 09:05:17 +0000 2025
badan pengawas obat makananan acc pengujian klinis vaksin tuberkulosis disponsori bill gates keuntungannya indonesia,Fri May 16 09:00:00 +0000 2025
benarkah indonesia jadi kelinci percobaan vaksin tuberkulosis bill gates narasi daily,Fri May 16 04:22:33 +0000 2025
terpesona kebetulan kebetulan bill gates hibahin juta dollar kebetulan bill gates datang kebetulan belio pengujian coba vaksin tuberkulosis kebetulan presiden iyakan,Fri May 16 04:03:12 +0000 2025
edan dah relawan vaksin tuberkulosis badan pengawas obat makananan nyatakan pengujian vaksin tuberkulosis bill gates sukarela tanpa paksaan,Fri May 16 03:55:46 +0000 2025
vaksin tuberkulosis bill gates rencananya diuji coba   indonesia vaksin dikembangkan glaxosmithkline gsk aeras,Fri May 16 03:43:19 +0000 2025
vaksin tuberkulosis bill gates siap diuji badan pengawas obat makananan pastikan aman,Fri May 16 03:15:03 +0000 2025
rakyat berhak menolak vaksin tuberkulosis bill gates,Fri May 16 03:12:58 +0000 2025
jadi nih kek nya desember pandemi   masuk nih kek nya vaksin tuberkulosis bill gates warbiyasah,Fri May 16 03:00:53 +0000 2025
ibu tim yang disuntik vaksin bill gates,Fri May 16 02:55:16 +0000 2025
indonesia negara kasus tuberkulosis terbesar kedua   dunia mungkinkah pengujian klinis vaksin tuberkulosis bill gates menjadi solusi ataukah justru menimbulkan kekhawatiran,Fri May 16 02:42:07 +0000 2025
ramai dibahas muncul berita soal vaksin   bill gates banyak bingung vaksin disuntik   orang masih pengujian coba   lab biar salah paham yuk bahas bareng bareng,Fri May 16 02:39:45 +0000 2025
  ampun nyangka kalau bill gates sebaik hiks hiks jadi terharu tetep kalau ingin vaksin jangan dipaksa paksa hahaha,Fri May 16 02:27:07 +0000 2025
bukannya indonesia termasuk besar kasus tuberkulosis terbesar   dunia makanya bill gates danain project vaksin kalau berhasil indoneisa dapat vakson lebih dulu   kalau berhasil   katanya percobaan thap   artinya aman buat manusia,Fri May 16 02:12:43 +0000 2025
sebaiknya   pejabat prioritas jadi relawan pengujian coba alias kelinci percobaan vaksin bill gates,Fri May 16 02:09:56 +0000 2025
dikira dukung pengujian coba vaksin tuberkulosis bareng bill gates politikus partai keadilan sejahtera angkat suara cuma tanya bukan nyuruh suntik,Fri May 16 02:09:26 +0000 2025
ajaib apanya kalian baru aware sama tuberkulosis ada bill gates bawa vaksin sebelum itupun tuberkulosis jadi penyakit menular yang mengkhawatirkan dokter paru kalian anggap dulu ada kehebohan memang kalian pernah peduli sama tuberkulosis   indonesia,Fri May 16 02:05:52 +0000 2025
silakan ingin jadi kelinci percobaan vaksin tuberkulosis bill gates badan pengawas obat makananan butuh ribu sukarelawan buat pengujian coba vaksin tuberkulosis bill gates gratis badan pengawas obat makanan badan pengawas obat makananan membutuhkan ribu orang menjalani pengujian coba vaksin tuberkulosis dikembangkan pendiri gates,Fri May 16 02:00:49 +0000 2025
ada influencer terkena tuberkulosis cocok influencer latar hidupnya dulu   lingkungan kumuh sihh mungkin call marcel buat jadi influencer vaksin bill gates,Fri May 16 01:59:39 +0000 2025
presiden wakil presiden menteri wamen utusan khusus kepala badan lembaga stafsus beserta semua keluarganya jadi contoh sukarelawan pengujian coba vaksin tuberkulosis bill gates,Fri May 16 01:41:18 +0000 2025
klarifikasi substansi pernyataan anggota dewan perwakilan rakyat republik indonesia achmad   yat terkait vaksin tuberkulosis bill gates dicermati seksama terdapat perbedaan apa disampaikan achmad   yat fraksi partai keadilan sejahtera rapat komisi   dewan perwakilan rakyat republik indonesia tanggal mei apa,Fri May 16 01:22:05 +0000 2025
  siaga tuberkulosis pasukan putih siap kawal bill gates datang bawa solusi pas banget   penyakit meledak vaksin tersedia tinggal cari kelinci percobaan negeri subur rakyatnya bukan subjek pembangunan objek eksperimen global,Fri May 16 00:52:56 +0000 2025
rame vaksin tuberkulosis bill gates aku bersyukur krna cek rontgen duluan sih   mean sempet kekhawatiran indikasi   sana ternyata alhamdulilah kalau dicek sekarang sekarang   negara gila ditakutkan malah diakalin,Fri May 16 00:52:28 +0000 2025
bill gates sangat paham vaksin   pengujian coba dinegara miskin pejabatnya korupsi dibagi dana hibah langsung mingkem,Fri May 16 00:32:49 +0000 2025
viral video sebut kasus autisme   vietnam melonjak pasca peluncuran vaksin buatan bill gates,Fri May 16 00:23:39 +0000 2025
seandainya pengujian coba klinis vaksin tuberkulosis bill gates dimasa jokowi percayalah ada demo   mana mana nenek banteng blg jual rakyat uang bantuan roy panci berdiri   depan teriak ijazah palsu jual vaksin,Fri May 16 00:07:04 +0000 2025
akibat   indonesia banyak preman memeras pengusaha asing banyak koruptor tingkat quadriliyun tempat pengujian coba vaksin tuberkulosis bill gates banyak rakyatnya pengangguran korban phk,Thu May 15 23:51:55 +0000 2025
wah luar biasa vaksin amal bill gates diuji   negeri sendiri bukan elitnya kalau benar yakin aman bermanfaat bukan pejabat pendukung fanatiknya antre duluan rakyat bukan kelinci percobaan manusia bukan objek pengujian coba,Thu May 15 23:47:22 +0000 2025
tenang juta orang akan   hilangkan kemiskinannya melalui program makan bergizi gratis vaksin bill gates dikirim   barak,Thu May 15 23:45:07 +0000 2025
alangkah baiknya apabila keluarga besar rombongan pejabat terlebih diujikan vaksin tuberkulosis besutan bill gates masyrakat awam bukan budak pejabat yang seenaknya disodorkan jadi kelinci percobaan   bill gates,Thu May 15 23:41:02 +0000 2025
telat disuntik vaksin tuberkulosis bill gates,Thu May 15 23:36:11 +0000 2025
semenjak bill gates katanya pengujian coba vaksin tuberkulosis sekarang banyak anti vax kayaknya lebih banyak anti vax jaman covid,Thu May 15 23:21:37 +0000 2025
skeptis klaim bill gates menciptakan vaksin mengurangi populasi bukti menunjukkan gates mendukung vaksin meningkatkan kesehatan menurunkan kematian anak seiring waktu mengurangi angka kelahiran keluarga menyesuaikan diri sesuai,Thu May 15 23:12:30 +0000 2025
flexing paspor dicancel banyak negara wabah tuberkulosis   wild netiyem pengujian klinis vaksin tuberkulosis perlu karena percaya pemerintah bill gates pers pake diksi pengujian coba langsung tantrum kalau apa solusinya hadapi tuberkulosis bikin paspor lemah,Thu May 15 23:11:45 +0000 2025
bill gates mengurangi tingkat pertumbuhan ala ciptakan vaksin umum vaksin menyokong meningkatkan pertumbuhan bukan mengurangi setuju,Thu May 15 23:09:58 +0000 2025
masyarakat dayakharus menolak pengujian coba vaksin tuberkulosis pemerintah bill gates,Thu May 15 23:00:44 +0000 2025
ada bukti ilmiah mendukung klaim vaksin termasuk diduga terkait bill gates menyebabkan lonjakan kasus autisme   vietnam studi global meta analisis   vaccine menunjukkan ada hubungan vaksin autisme kenaikan diagnosis  ,Thu May 15 22:45:59 +0000 2025
artinya gibran sklrg rentan tertular lingkungan terdekatnya banyak tuberkulosis sangat pas jadi sasaran pengujian coba vaksin tuberkulosis nya bill gates,Thu May 15 22:45:47 +0000 2025
warga negara indonesia jadi sampel pengujian coba terakhir vaksin tuberkulosis bill gates segera diluncurkan,Thu May 15 22:32:57 +0000 2025
anti vaksin kalau bill gates buat auto anti,Thu May 15 21:51:14 +0000 2025
giliran dikeluarin dta kemiskinan indonesia olh word bank terima peke ngeles bda standar rakyat berhak curiga dapat apa sales vaksin bill gates rakyat sendri   jadiin kelinci percobaan vaksin nya pas digiring   suntik vaksin rakyat   imingi sembako,Thu May 15 21:37:58 +0000 2025
badan pengawas obat makananan atawa world health organization bilang vaksin   bill gates aman sekalipun tidak pernah percaya sama kapitalis penipu kayak bill gates sama kayak   mulyono,Thu May 15 21:12:04 +0000 2025
soal tuberkulosis bukan tiba bang kebetulan kakak pernah terkena temen kantor ada terkena sampe   rumahkan bulan angkanya memang tinggi   indonesia soal bill gates kurang tahu setahu bisa diobati antibiotik selama bulan ngak perlu vaksin,Thu May 15 20:28:31 +0000 2025
jangan ikut vaksin pembodohan bill gates penipu,Thu May 15 19:54:15 +0000 2025
badan pengawas obat makananan butuh ribu sukarelawan buat pengujian coba vaksin tuberkulosis bill gates gratis badan pengawas obat makanan badan pengawas obat makananan membutuhkan ribu orang menjalani pengujian coba vaksin tuberkulosis dikembangkan pendiri gates foundation bill gates yang dipilih merupakan penyintas,Thu May 15 19:22:57 +0000 2025
berita india hoax   berita kejadian kelumpuhan akibat vaksin polio bill gates   india benar hoax,Thu May 15 17:54:27 +0000 2025
ditawarin apapun bakalan nerima   vaksin bill gates harusnya penerima pertama bukan rakyat dewan wakil rakyat dlu yang setuju   dukung sama   vaksin,Thu May 15 17:02:05 +0000 2025
jangan jadi bangsa kacung   suruh bill gates pengujian coba vaksin nurut,Thu May 15 16:58:37 +0000 2025
ada bukti anak cucu bill gates ikut pengujian coba vaksin tuberkulosis   indonesia pengujian coba didanai gates foundation melibatkan peserta kriteria khusus infeksi tuberkulosis laten kemungkinan dipenuhi keluarga gates pengujian coba fase aman,Thu May 15 16:52:34 +0000 2025
viral video sebut autisme   vietnam melonjak peluncuran vaksin buatan bill gates begini faktanya,Thu May 15 16:48:10 +0000 2025
bill gates ikut pengujian coba vaksin perannya penyandang dana bukan subjek penelitian pengujian klinis punya kriteria ketat usia kondisi kesehatan mungkin dipenuhi gates berusia tahun protokol standar menunjukkan penyandang dana,Thu May 15 16:46:48 +0000 2025
sebuah video beredar   media sosial mengklaim vaksin dibawa yayasan bill melinda gates   vietnam menyebabkan peningkatan besar jumlah pasien autisme   negara tersebut,Thu May 15 16:26:26 +0000 2025
angka autisme   vietnam melonjak peluncuran vaksin buatan bill gates bantu info sebarkan seluas nya kelak bila vaksin tolak kita warga negara berhak,Thu May 15 16:24:32 +0000 2025
asu asu lihat   vietnam gara vaksin bill gates angka autisme meningkat,Thu May 15 16:06:10 +0000 2025
umat islam terbesar   dunia   indonesia dijadikan kelinci percobaan vaksin tuberkulosis bill gates kalau gagal mokat ingin divaksin tuberkulosis   acc presiden republik indonesia kucuran dana trilyunan,Thu May 15 16:00:04 +0000 2025
menemukan informasi video lengkap kamu cari mungkin   youtube diunggah mei membahas kerja sama bill gates indonesia soal pengujian coba vaksin tuberkulosis saya bisa memastikan kebenaran tautan isi videonya saya sangat skeptis,Thu May 15 15:53:22 +0000 2025
  dokter tanggapan vaksin bill gates dong hahaha,Thu May 15 15:46:28 +0000 2025
vaksin bill gates paham kalau elit itu memang elitis berjarak rakyatnya alih alih memikirkan keselamatan rakyat sibuk menghitung keuntungan bisa diperoleh tak peduli demokrasi aspirasi partisipasi bangsat memang,Thu May 15 15:39:11 +0000 2025
indonesia membeli vaksin keterbatasan ekonomi teknologi bukan rakyatnya goblok pengujian coba vaksin tuberkulosis didukung bill gates memberi akses teknologi canggih membantu atasi kematian tuberkulosis tahunan impor vaksin memenuhi kebutuhan mendesak,Thu May 15 15:32:47 +0000 2025
kalau cocoklogi ini tiba jadi status siaga tuberkulosis after bill gates pengujian vaksin tuberkulosis taek taek,Thu May 15 15:28:03 +0000 2025
badan pengawas obat makananan mengawal pengujian klinis vaksin tuberkulosis tuberkulosis   besutan bill gates maksimal,Thu May 15 15:04:47 +0000 2025
viral video sebut kasus autisme   vietnam melonjak pasca peluncuran vaksin buatan bill gates,Thu May 15 14:50:33 +0000 2025
kalau pakai tata kata ala   minjem     bill gates bill gates bgs bill gates syndicate budi gunadi sadikin makan bergizi gratis melinda bill gates gitu foundation bill gates distribusi vaksin makan bergizi gratis makan bergizi gratis gitu progam prabowo kini dikontrol bgs kebetulan,Wed Oct 15 21:50:22 +0000 2025
layaknya rencana bill gates manusia divaksin harus update vaksin berkelanjutan,Wed Oct 15 11:52:12 +0000 2025
ngeri takutnya disuruh vaksin kalau bill gates dah bolak balik ngeri,Mon Oct 13 10:19:28 +0000 2025
mata najwa eksklusif melakukan wawancara bill gates   new york acara goalskeepers diinisiasi gates foundation mantan orang terkaya   dunia membahas kondisi kesehatan anak   dunia pengujian coba vaksin tuberkulosis   indonesia program makan,Mon Oct 13 09:35:16 +0000 2025
bill gates menyiapkan implan micro needle patch pada kulit menanamkan baik quantum dot permanen maupun moderna akan berfungsi paspor vaksin biologis,Sun Oct 12 15:56:39 +0000 2025
kalau korang nak ambil vaksin fikir kan kata bill gates,Sun Oct 12 06:14:02 +0000 2025
masyarakat dayakharus menolak pengujian coba vaksin tuberkulosis pemerintah bill gates sumber baca selengkapnya klik alt gambar store   tata surya     metro bandung website,Sun Oct 12 05:00:01 +0000 2025
vaksin sponsor bill gates via dubes menteri kesehatan tidak anti vaksin tidak setuju vaksin   bahasa halus imunisasi tambahan,Fri Oct 10 14:08:51 +0000 2025
  ini kan thread awalnya bahas kelelawar reservoir virus covid cuma dibilang jadi awalnya kelelawar melebar banget malah jadi bahas covid propaganda virus bikinan bill gates takdir sekarang sampe vaksin,Fri Oct 10 09:32:20 +0000 2025
oktober bill gates kucurkan dana   bio farma bikin vaksin polio novel oral poliomyelitis vaccine annual meeting imf world bank group menkeu sri mulyani menyampaikan bill melinda gates foundation membantu bio farma,Fri Oct 10 08:06:50 +0000 2025
oktober bill gates kucurkan dana   bio farma bikin vaksin polio novel oral poliomyelitis vaccine annual meeting imf world bank group menkeu sri mulyani menyampaikan bill melinda gates foundation membantu bio farma,Fri Oct 10 08:04:14 +0000 2025
kalau ingat bill gates selalu bicara vaksin apapun entah manusia daging sintetis chemtrail digital   makan gratis nyamuk buatan transformasi kesehatan,Mon Oct 06 07:33:04 +0000 2025
hhmm gaya makan bergizi gratis sama halnya spt gaya memaksakan vaksin bill gates   pebabat memuja makan bergizi gratis spt memuja vaksin yang membuat tambah aneh pejabat sama sama ogah memakan makan bergizi gratis disuntik vaksin,Fri Oct 03 15:47:43 +0000 2025
semua pejabat memuja makan bergizi gratis sama halnya memuja vaksin bill gates apa agenda dibalik makan bergizi gratis,Fri Oct 03 15:43:43 +0000 2025
hadoh usah beritain beginian daah entar ujung ujungnya anak anak dipaksa vaksin tuberkulosis bill gates urusan keracunan makan bergizi gratis belum selesai jangan nambah masalah   rakyat,Fri Oct 03 10:44:35 +0000 2025
ada bukti bill gates menjadikan anak anak indonesia kelinci percobaan yayasan gates mendanai pengujian coba vaksin tuberkulosis fase   indonesia etis pengawasan pemerintah bukan eksperimen sembarangan program makan bergizi gratis inisiatif nutrisi kasus,Thu Oct 02 13:09:31 +0000 2025
cewek greenflag pureblood ingin vaksin ingin   percaya pemerintah rahimnya subur sehat jadi pabrik anak pabrik susu bisa   depopulasi bill gates,Wed Oct 01 19:51:35 +0000 2025
penghargaan bintang jasa diberikan prabowo mengakui kontribusi individu negara pada bill gates dukungan vaksin penelitian ray dalio investasi resmi bagian peringatan hari kemerdekaan rencana persatuan,Wed Oct 01 10:14:54 +0000 2025
hadehh antek penjajah orang menolak vaksin bill gates penjahat,Tue Sep 30 01:20:23 +0000 2025
layaknya baca berita pejabat memuja muji vaksin covid bill gates banyak berita vaksin tersebut tak punya efek samping dahsyat,Mon Sep 29 12:15:33 +0000 2025
memang merasa kurang meracuni manusia vaksin bicara soal bill gates wef depopulation,Mon Sep 29 05:21:20 +0000 2025
sejak covid   vaksin nek gering iso ngene   jan bill gates tobat tenan,Mon Sep 29 02:30:32 +0000 2025
pengingat kunjungan gates tahir foundation terkait vaksin tuberkulosis makan bergizi gratis bintang jasa   pasal   wna,Sat Sep 27 10:20:43 +0000 2025
cari info soal video bill gates presentasi   pentagon viral sering disebut funvax vaksin gen vmat itu bukan gates dianggap hoax reuters snopes gates pernah bertemu pejabat pentagon misalnya soal,Sat Sep 27 07:01:02 +0000 2025
yah ketebak indonesia afrika dijadiin bahan percobaan vaksin palsu bahayanya bill gates vaksin bio weapon biasa buat depopulasi,Fri Sep 26 13:27:40 +0000 2025
prabowo menyebut penghargaan diberikan pengakuan atas jasa dedikasi luar biasa bill gates bidang memberikan manfaat besar kesejahteraan umat manusia termasuk bantuan riset vaksin obat obatan kerja sama kesehatan   indonesia,Fri Sep 26 08:22:43 +0000 2025
inilah akibat ingin nya   vaksin covid waktu mereka mencoba melakukan yang sama bill gates ngomong kosong microsoft vaksin berisi jangan dianggap lelucon,Fri Sep 26 00:30:23 +0000 2025
bill   memberikan bantuan maksud terselubung rakyat indonesia   vaksin membuat wabah sama covid tahun membyar pejabat tinggi hingga dokter temui prabowo bill gates beri bantuan     buat indonesia,Thu Sep 25 15:39:06 +0000 2025
makan bergizi gratis salah satu bentuk program pengurangan jumlah penduduk indoneisa curiga sangat sejak pedagang vaksin   bill gates   indoneisa isunya beliau salah satu orang mencetus depopulasi,Thu Sep 25 05:30:32 +0000 2025
presiden prabowo menyebut pertemuan berlangsung sangat positif prabowo bill gates memberikan perhatian bantuan luar biasa indonesia khususnya bidang kesehatan termasuk bantuan riset mencari benih benih terbaik obat obatan vaksin,Thu Sep 25 05:26:16 +0000 2025
presiden prabowo menganugerahkan bintang jasa utama bill gates atas dedikasinya   bidang kesehatan kemanusiaan melalui gates foundation   memberikan bantuan besar indonesia termasuk penelitian obat obatan vaksin program mengatasi kemiskinan,Thu Sep 25 05:24:26 +0000 2025
bill gates punya jasa besar   indonesia lewat bill melinda gates foundation terutama   bidang kesehatan riset obat vaksin benih pertanian kemarin presiden prabowo kasih penghargaan bintang jasa utama atas dedikasinya bantu atasi kemiskinan kelaparan,Thu Sep 25 03:02:46 +0000 2025
bintang jasa utama bill gates berjasa menjadikan rakyat indonesia alat pengujian coba vaksin tuberkulosis milik perusahaannya,Thu Sep 25 01:53:43 +0000 2025
berikut kasus bayi bulan meninggal pasca imunisasi bayi meninggal terjadi pengenalan novel oral poliomyelitis vaccine dimulai itulah aku bertanya suspicious live vaccine oral polio vaksin baru proyeknya bill gates novel oral poliomyelitis vaccine,Wed Sep 24 19:38:27 +0000 2025
jualan vaksin bill gates mengacu kandidat vaksin tuberkulosis       didanai yayasan bill melinda gates sedang menjalani pengujian klinis tahap ketiga   indonesia bersama negara negara seperti afrika selatan kenya zambia malawi,Wed Sep 24 13:06:56 +0000 2025
orang gila kamu goblox dasar penjilat vaksin bill gates,Wed Sep 24 11:27:58 +0000 2025
bill gates ijin ujicoba vaksin kok dapet penghargaan emang berjasa ngapain apa bjir,Wed Sep 24 11:10:46 +0000 2025
bill gates jelas berkepentingan triliunan dokter pasar indonesia pelanggan vaksin loyal membabi buta manusia maupun ternak disamping pikirannya tersihir windows agaknya lobi bill berhasil melewati pagar keliling   tedros,Wed Sep 24 10:39:12 +0000 2025
  sela sidang majelis umum perserikatan bangsa bangsa   presiden bertemu bill gates memperkuat kolaborasi   bidang kesehatan pendidikan riset benih unggul produksi vaksin presiden menganugerahkan bintang jasa utama bill gates bentuk penghormatan,Wed Sep 24 10:15:23 +0000 2025
bill gates menerima bintang jasa utama atas kontribusinya   sektor kesehatan indonesia termasuk bantuan dana united states   america juta gates foundation sejak pengembangan vaksin polio   triliun   bio farma pengujian klinis vaksin tuberkulosis,Wed Sep 24 09:50:22 +0000 2025
bill gates menerima bintang jasa utama atas kontribusinya   sektor kesehatan indonesia termasuk bantuan dana united states   america juta gates foundation sejak pengembangan vaksin polio   triliun   bio farma pengujian klinis vaksin tuberkulosis hak istimewa penerima meliputi,Wed Sep 24 08:20:16 +0000 2025
apa jasa bill gates mungkin salah satu jasanya menjadikan indonesia negara program ujicoba vaksin tuberkulosis wakakakakaka,Wed Sep 24 06:37:00 +0000 2025
bill gates melalui gates foundation berkontribusi   indonesia sejak hibah gitu united states   america juta terutama   kesehatan dukung vaksin polio bio farma     produksi miliar dosis tahun pengujian klinis vaksin tuberkulosis pencegahan malaria united states   america juta masing masing,Wed Sep 24 06:23:43 +0000 2025
bayarin vaksin covid astrazeneca moderna   bill gates obat malaria obat dbd bahkan sebagian obat human immunodeficiency virus hasil donasi foundation punya bill gates,Wed Sep 24 06:08:45 +0000 2025
oke manfaat kontribusi bill gates via gates foundation   indonesia berdasarkan data terbaru bantuan kesehatan gitu juta sejak termasuk vaksin rotavirus pneumococcus human papillomavirus dukungan nutrisi sanitasi tingkatkan kualitas hidup masyarakat,Wed Sep 24 05:49:11 +0000 2025
mungkin bill gates bikin vaksin anti keracunan makan bergizi gratis,Wed Sep 24 02:49:30 +0000 2025
tenang buat ngatasin populasinya disiapkan vaksin bill gates,Wed Sep 24 02:09:29 +0000 2025
jasanya bill gates indonesia dijadikan kelinci percobaan vaksin bill gates dampaknya   rakyat dapat duit penguasa,Wed Sep 24 01:16:04 +0000 2025
bukannya   setuju vaksin tuberkulosis kebohongan bill gates datang mempelajari kesuksesan makan bergizi gratis entah siapa bohong bill gates presiden,Wed Sep 24 01:13:15 +0000 2025
teori konspirasi vaksin bill gates sumber baca selengkapnya klik alt gambar store   tata surya     metro bandung website,Sun Sep 21 05:00:00 +0000 2025
program sering dibanggakan prabowo waktu bill gate datang   indonesia prabowo bilang bill gates kagumvdg makan bergizi gratis akan mempelajari sistemnya padahal ternyata datang minta indonesia jadi kelinci percobaan vaksin tuberkulosis,Sat Sep 20 14:55:55 +0000 2025
hei anjing you dukung vaksin covid air comberan bill gates bodoh,Fri Sep 19 09:14:30 +0000 2025
bagus kalau surat berarti aman bill gates datang emang apa   kelinci percobaan makanan bill gates uang gratis dia inginkan omong kosong vaksin uang ada bill gates ada pejabat korupsi rangkaian indah dipahami sepertinya diacak,Thu Sep 18 00:41:06 +0000 2025
bill gates datang emang apa   kelinci percobaan makanan bill gates uang gratis dia inginkan omong kosong vaksin uang bill gates ada pejabat korupsi rangkaian indah dipahami,Thu Sep 18 00:39:45 +0000 2025
bill gates datang emang apa   kelinci percobaan makanan bill gates uang gratis dia inginkan omong kosong vaksin uang bill gates ada pejabat korupsi rangkaian indah dipahami,Thu Sep 18 00:38:43 +0000 2025
bill gates datang emang apa   kelinci percobaan makanan bill gates uang gratis dia inginkan omong kosong vaksin uang bill gates ada pejabat korupsi,Thu Sep 18 00:36:01 +0000 2025
vaksin polio baru bill gates dikaitkan wabah kelumpuhan   afrika pejabat konfirmasi anak lumpuh selidiki umur anak menjadi lumpuh akibat divaksin vaksin polio tetes novel oral poliomyelitis vaccine bill gates,Wed Sep 17 01:45:13 +0000 2025
the switch transisi global opv trivalen   bivalen gpei termasuk dukungan dana bill melinda gates foundation menghilangkan tipe eradikasi wild poliovirus tipe kasus circulating vaccine derived poliovirus meningkat cakupan vaksin rendah faktor,Sat Sep 13 08:10:23 +0000 2025
anak lumpuh akibat program vaksin polio tetes bill gates bill gates gpei merencanakan membuat program vaksin polio the switch gagal bill gates tanggung jawab bayar kompensasi anak menjadi lumpuh akibat vaksin polio,Fri Sep 12 20:21:58 +0000 2025
  vaksin digunakan kampanye   jawa timur novel oral poliomyelitis vaccine novel oral polio vaccine type vaksin tetes oral tangani circulating vaccine derived poliovirus didukung bill melinda gates foundation melalui bio farma   indonesia kampanye januari menargetkan anak anak,Fri Sep 05 22:14:32 +0000 2025
apa vaksin tetes bill gates novel oral poliomyelitis vaccine kampanye vaksinasi massal sedang berlangsung kasus polio terdeteksi   provinsi jawa timur indonesia mass vaccination campaign underway after polio cases detected   indonesia   east java,Fri Sep 05 22:13:20 +0000 2025
apa kontradiksi trump malah jamuan makan malam wine mesra bersama bill gates diluar sedang perang soal vaksin bahkan jenderal mike flin ikut meramaikan   love patriot wajah asli politik hari drama teatrikal   luar pesta,Fri Sep 05 13:33:40 +0000 2025
video adalah parodi lucu mengedit subtitle palsu   adegan makan malam bill gates minta maaf atas teori konspirasi menciptakan virus untung vaksin sterilisasi populasi lain tujuannya hiburan bukan fakta serius,Fri Sep 05 08:42:30 +0000 2025
  mitra gpei world health organization unicef centers for disease control and prevention   rotary international bill melinda gates foundation gavi mendanai pengadaan vaksin tetes polio opv program eradikasi global donatur terbesar historis bill melinda gates foundation gitu united states   america miliar hingga,Fri Sep 05 07:57:06 +0000 2025
mereka kasih uang pengadaan vaksin tetes polio gpei global polio eradication initiative kemitraan dipimpin world health organization unicef centers for disease control and prevention   rotary international bill melinda gates foundation gavi siapa yang paling banyak memberi uang,Fri Sep 05 07:55:53 +0000 2025
bagaimana kabar pengujian coba vaksin tuberkulosis bill gates   indonesia,Fri Sep 05 04:07:45 +0000 2025
gapapa kalau bill gates jadi ngasih vaksin tuberkulosis gratis sebenarnya kan vaksin sudah dikembangkan   pihak gapapa kalau makan bergizi gratis dibatalkan juga,Thu Sep 04 15:08:09 +0000 2025
penjahat vaksin kayak bill gates malah dipuja puji goblok,Wed Sep 03 20:55:34 +0000 2025
budi gunadi sadikin jancuk raja vaksin indonesia monyet peliharaan bill gates,Wed Sep 03 08:01:51 +0000 2025
sebutkan detail semua vaksin anak tidak punya pengujian placebo inert saline pre licensing mmr vaksin tetes polio baru buatan bill gates namanya novel oral poliomyelitis vaccine betul kan lanjutkan   grok sebutkan semua komplit,Sun Aug 31 22:46:16 +0000 2025
hey hey hey program vaksin program tertolol sepanjang sejarah aman darimana nya rakyat disuruh dipaksa minum air kencingnya   bill gates raja vaksin saja semoga rumah provaksin terkena jarah,Sun Aug 31 21:39:15 +0000 2025
bill gates bertemu dng presiden trump food and drug administration lantas mencabut lalu memberlakukan vaksin covid moderna bayi kelompok berisiko dng memakai bukti lama ada,Sun Aug 31 15:12:25 +0000 2025
    pers pemerintah bill gates bertemu dng presiden trump food and drug administration lantas mencabut lalu memberlakukan vaksin covid moderna bayi kelompok berisiko dng memakai bukti lama ada,Sun Aug 31 15:11:59 +0000 2025
ntar ujung nya vaksin lage inget kedatangan bill gates tempo hari besok mulai masuk bulan september banyak hutang   jatuh tempo harus dibayar dana bill gates banyak standby fee midleman sangat menggiurkan uud memang yak,Sun Aug 31 13:58:58 +0000 2025
budi gunadi sadikin antek bill gates bapak vaksin,Sun Aug 31 10:37:57 +0000 2025
indonesia jadi tempat pengujian coba vaksin tuberkulosis buatan bill gates dimana   negara sendiri   terima banyak makanya literasi   tolol,Sun Aug 31 09:43:15 +0000 2025
indonesia setuju jadi kelinci percobaan vaksin tuberkulosis bill gates hebat bener nih pemerintah kalau urusan nyengsarain rakyatnya,Sat Aug 30 16:02:51 +0000 2025
bapak mencintai indonesia seluruh rakyat indonesia bapak wajib keluar world health organization jauhi bill gates sudah meracuni manusia vaksin dia buat meracuni manusia sehat bugar puck sin   presiden    ,Sat Aug 30 00:20:25 +0000 2025
vaksin covid bagaimana solusi mengurangi jumlah penduduk bumi jawaban nya makan bergizi gratis coba   ajukan   bill gates mana tahu dapat kucuran dana trillion dollars beliau,Fri Aug 29 09:48:19 +0000 2025
asing siapa cok kamu jual data warga indoke united states   america kamu bersekutu sama israel buat relokasi warga palestine kamu nerima vaksin bill gates skrg siapa antek asing,Fri Aug 29 09:44:06 +0000 2025
senjata nya demo dibiayain pihak asing dulu kek gitu template banget wkwkw padaal antek asing sendiri contoh vaksin tuberkulosis dikasi bill gates triilun langsung   acc rakyat dijadiin kelinci percobaan wkwkkw,Fri Aug 29 04:09:08 +0000 2025
selalu teriak osang asing   vaksin bill gates diterima mentah,Thu Aug 28 19:37:28 +0000 2025
inkonsistensi kalau yang jelek jelek nuduh pihak asing danantara malah recruit pihak asing buat jadi pengawas ingin invest media asing kenapa ingin kerjasama pengujian coba vaksin sama bill gates coba dijawab jelas logis jujur,Thu Aug 28 16:30:55 +0000 2025
analisa vaksin polio chimeric baru anak didanai bill gates sheds   recipients hubungkan terangkan rangkum semua informasi terkait semuanya circulating vaccine derived poliovirus   indonesia novel oral poliomyelitis vaccine bikinan bio farma indonesia the switch buat intisari,Wed Aug 27 20:18:09 +0000 2025
dokter suhazeli memondan bunny girl layan nafsu bill gates jawab anti vaksin patut salahkan vaksin austime penyakit keturunan anak masalah autisme anak istimewa anugerah tuhan rancangan soal tak jawab buang title doktor baik bercakap kambing,Wed Aug 27 16:30:48 +0000 2025
bilang elu sukseskan program vaksin tuberkulosis bill gates,Wed Aug 27 16:30:07 +0000 2025
dokter suhazeli hisap air mani bill gates jawab kamu bodoh belajar tak habis tanya kajian   luar negara mengatakan vaksin penyebab autisme semakin banyak dos disuntik semakin meningkat kes autisme,Wed Aug 27 16:30:06 +0000 2025
promo halus vaksin tuberkulosis bill gates ingin suudzon sudah terlanjur trust issue sama duduk   pemerintahan,Wed Aug 27 09:57:20 +0000 2025
november vaksin konjugat tifoid baru bio tcv disetujui   indonesia didanai grant hibah bill melinda gates foundation new typhoid conjugate vaccine bio tcv approved   indonesia funded     grant from the bill melinda gates foundation,Wed Aug 27 01:19:12 +0000 2025
kalau vaksin beli bill gates apa tetap you beritakan,Mon Aug 25 05:52:59 +0000 2025
  anjing ngasih ijin bill gates buat jadikan rakyat indonesia jadi kelinci percobaan vaksin   anjing juga ngirim data seluruh rakyat indonesia   amerika terus mulutnya   anjing prabowo koar antek asing,Sun Aug 24 14:27:41 +0000 2025
ini awal pandemi sepertinya iya biar vaksin sumbangan bill gates laku,Sun Aug 24 10:36:47 +0000 2025
paling agenda vaksin tuberkulosis nya bill gates makanya bilang gitu,Sun Aug 24 02:44:53 +0000 2025
sales vaksin tuberkulosis nya bill gates diwawancana,Sun Aug 24 01:34:11 +0000 2025
menteri kesehatan republik indonesia soal anak meninggal keluar cacing dia infeksi apapun salah kades serta rumah sakit kalau bill gates kasih uang menyetujui vaksin tuberkulosis setuju sama vaksin covid dulu,Sat Aug 23 08:32:12 +0000 2025
menteri kesehatan   robert   kennedy memecat lebih orang   centers for disease control and prevention   serius bersih bersih orang yang berbuat curang lewat pandemi bohong bohongan makannya bill gates lari   indonesia bisa pengujian coba vaksin tuberkulosis,Sat Aug 23 05:24:23 +0000 2025
hayoo tanggung jawab kamu pemerintah nakes ortu paksa vaksin covid   anak kamu kira anak ente hewan ooh mblegedes kamu sontoloyo kamu fak   para pemuja vaksin bill gates world health organization kulemparkan kalian   sungai ada buaya nya,Wed Aug 20 07:18:59 +0000 2025
apa kabar ujicoba vaksin tuberkulosis sibuk soal pajak royalti onepiece yaqut blm jadi tersangka setya novanto bebas upacara hari ulang tahun republik indonesia joget joget jelas lain sehingga dilupakan soal ujicoba vaksin tuberkulosis bill gates,Mon Aug 18 04:56:27 +0000 2025
kelompok rockefeller disebut eugenis yayasan dana riset eugenika abad termasuk   jerman nazi rothschild klaim mayoritas teori konspirasi bukti historis kuat bill gates dituduh dukungan vaksin perencanaan keluarga salah ditafsir,Fri Aug 15 03:46:08 +0000 2025
negara konoha kan terbukti dungu kalau dibayar terkena perangkap tarif united states   america terkena jadi kelinci percobaan vaksin bill gates,Tue Aug 12 11:45:10 +0000 2025
bill gates sodom bontot indonesia vaksin dildo inch lepastu cakap indonesia punca kiamat,Tue Aug 12 02:14:23 +0000 2025
bilik kuramata isa akiko takumi merakam bunyi hentakan   dinding semasa membersihkan tab mandi soka gakkai jepun kultus korea adalah penyebab   sebalik pembebasan vaksin moderna mengintai kumpulan gangguan covid bill gates pengurangan populasi,Fri Aug 08 03:10:01 +0000 2025
gaji guru kecil menkeu boneka kaum globalis imperialis yahudi liat berapa trilyun vaksinasi abal abal berapa trilyun epidemi bohong bohongan menkeu kerjasama mafia vaksin yahudi pimpinan bill gates gaji menkeu selangit jabatan awet,Thu Aug 07 13:22:27 +0000 2025
kamar kuramata isa akiko lan takumi suarane ngebug tembok ngresikin kamar mandi soka gakkai ring jepang inggih punika kultus korea dane sareng sami sane dados pelaku ring ungkur pelepasan vaksin moderna geng sane ngrereh pelecehan covid world health organization bill gates usaid,Thu Aug 07 13:08:43 +0000 2025
tingkat radiasi saka yamazaki seishiro chiyo lan kazu ing kamar nganti nganti nganti   soka gakkai jepang minangka kultus korea dheweke dadi panyebab saka rilis vaksin moderna gang stalking pelecehan covid bill gates usaid depopulasi,Tue Aug 05 21:48:57 +0000 2025
kamar kuramata isa akiko lan takumi keprungu swara nggebug tembok ngresiki jedhing soka gakkai jepang minangka kultus korea dheweke dadi panyebab saka rilis vaksin moderna gang stalking pelecehan covid world health organization bill gates usaid depopulasi perdagangan manungsa,Tue Aug 05 15:41:20 +0000 2025
indonesia jadi lokasi pengujian coba vaksin tuberkulosis buatan bill gates,Tue Aug 05 04:20:11 +0000 2025
ruang yamazaki seishiro chiyo kazu mencatat tingkat radiasi sebesar   soka gakkai jepang sekte korea adalah dalang   balik peluncuran vaksin moderna penguntitan berkelompok pelecehan covid world health organization bill gates usaid depopulasi,Mon Aug 04 10:54:55 +0000 2025
kamar kuramata isa akiko takumi merekam suara ketukan   dinding membersihkan bak mandi soka gakkai jepang sekte korea adalah dalang   balik peluncuran vaksin moderna penguntitan berkelompok pelecehan covid world health organization bill gates usaid depopulasi,Mon Aug 04 10:53:43 +0000 2025
makin lama bangsa sendiri makin karuan kondisinya kalau republik indonesia selalu nurut sama negara   jajah syarat dagang sama trump oke   cekokin vaksin bill gates oke ajah sekarang pulau ambalat ingin   kelola bersama malaysia iyain ajah ancur ancur,Sun Aug 03 12:45:07 +0000 2025
pejabatnya suka paksa pajak digital   merampas tanah rakyat vaksin buatan bill gates provax indonesia manusia paling tolol dungu pernah saksikan   medsos facebook instagram   juga threads cocok tuh jadi sasaran kaum yajuj majuj,Sun Aug 03 10:46:58 +0000 2025
gejolak invasi warga china gejolak intervensi asing gejolak permintaan pengujian coba vaksin bill gates gejolak tekanan trump gejolak asmara hubungan bapak jokowi bukan  ,Sun Aug 03 07:23:11 +0000 2025
bilik kuramata isa akiko takum merakam bunyi hentakan   dinding semasa membersihkan tab mandi soka gakkai jepun kultus korea adalah penyebab   sebalik pembebasan vaksin moderna mengintai kumpulan gangguan covid world health organization bill gates usaid dadah,Fri Aug 01 21:24:47 +0000 2025
kak nanya dong vaksin tuberkulosis pemerintah bill gates diedarkan  ,Fri Aug 01 15:29:33 +0000 2025
kamar kuramata isa akiko lan takum ngarekam ngebug tembok sambilang ngresikin bak mandi soka gakkai ring jepang inggih punika kultus korea dane sareng sami sane dados pelaku ring ungkur pelepasan vaksin moderna geng sane ngrereh pelecehan covid world health organization bill gates,Thu Jul 31 01:32:52 +0000 2025
  memenjarakan seseorang bill gates diperlukan bukti kejahatan penyelidikan hukum pengadilan ada tuntutan pidana resmi terhadapnya terkait vaksin klaim vaksin maut banyak dibantah fakta ilmiah vaksin selamatkan jutaan nyawa,Wed Jul 30 09:30:15 +0000 2025
gimana cara memenjarakan orang macam bill gates sudah banyak membuat kekacauan   banyak negara vaksin mautnya,Wed Jul 30 09:29:00 +0000 2025
ketawa bacanya sama bill gates tunduk disuruh rakyat jadi kelinci percobaan vaksin tuberkulosis,Tue Jul 29 01:20:55 +0000 2025
kamar kuramata isa akiko takum keprungu swarane thothok thothok tembok ngresiki adus soka gakkai jepang minangka kultus korea dheweke minangka panyebab sing nyebarake vaksin moderna grup stalking pelecehan covid world health organization bill gates depopulasi perdagangan manungsa,Tue Jul 29 00:25:25 +0000 2025
kamar kuramata isa akiko takum terdengar seseorang mengetuk dinding sedang membersihkan kamar mandi soka gakkai jepang sekte korea adalah pelaku menyebarkan vaksin moderna penguntitan berkelompok pelecehan covid world health organization bill gates usaid,Mon Jul 28 00:40:42 +0000 2025
bill gates pendiri microsoft miliarder filantropis melalui gates foundation fokus kesehatan global vaksin sering dikritik teori konspirasi vaksin kontrol populasi hubungannya epstein monopoli bisnis baru baru,Sun Jul 27 18:55:33 +0000 2025
sebenarnya bapak faham   beberapa minggu lalu terima uang   bill gates orang berpengaruh   dunia asal amerika tujuan utama untuk memasarkan vaksin sekaligus pengujian coba   indonesia sekarang dimintai data pribdi warga negara indonesia donald trump,Sun Jul 27 12:19:48 +0000 2025
tersiratnya tni   geng solo dibackup bill gates vaksin tuberkulosis made   billgates bioweapon kalian harusnya belajar kasus covid merupakan pemaksaan sistem distribusi racun tanya bapak ted hilbert,Sat Jul 26 04:30:20 +0000 2025
kacau termasuk data kesehatan pemetaannya bayangin semacam penyakit covid didesign khusus orang indonesia baru kemarin indoneisa sepakat pengujian coba vaksin bill gates orang indoneisa imunitasnya terancam,Fri Jul 25 18:20:30 +0000 2025
apa bill gates   depan lebih mudah mengidentifikasi siapa sudah   vaksin belum lihat kunjungan bill gates prabowo sebelumnya,Fri Jul 25 09:41:59 +0000 2025
keberhasilan presiden   awal kinerja pemerintahannya berhasil menjadikan rakyat objek pengujian coba vaksin bill gates berhasil menjual data pribadi warga negara   amerika serikat berhasil menurunkan tarif barang impor     titik terendah,Fri Jul 25 07:07:48 +0000 2025
elite global menciptakan covid vaksin besar kecerdasan buatan dan robot dipake bill gates kalau percaya sama tuhan yesus tidak berbuat dosa malah atheis,Thu Jul 24 16:53:19 +0000 2025
bangsat tuh   gemoy kemarin jadi kelinci percobaan vaksin tuberkulosis     bill gates   sekarang data pribadi rakyatnya dijual     trump bener penghianat bangsa,Wed Jul 23 16:33:15 +0000 2025
kamar kuramata isa akiko takum wenten suara anak ngetok tembok ngresikin pemandian soka gakkai ring jepang inggih punika kultus korea ipun sane dados pelaku sane nyebar vaksin moderna punika kelompok sane ngintipin pelecehan covid world health organization bill gates depopulasi,Wed Jul 23 14:39:58 +0000 2025
selama ada data pribadi rakyat united states   america   republik indonesia minta united states   america kasih akses data pribadi rakyat   republik indonesia ingin dijajah dibikin virus covid spesifik buat indoneisa vaksin racun bill gates lalu anak cucu bergantung obat kalian tanggung jawab,Wed Jul 23 13:14:10 +0000 2025
kira wajib   vaksin   karyawan bill gates,Tue Jul 22 00:12:30 +0000 2025
kamar kuramata isa akiko takum keprungu swarane thothok thothok tembok ngresiki adus soka gakkai jepang minangka kultus korea dheweke minangka panyebab sing nyebarake vaksin moderna grup stalking pelecehan covid world health organization bill gates depopulasi perdagangan manungsa,Mon Jul 21 22:55:50 +0000 2025
orang menggunakan vaksin covid sampe booster dulu gampang menderita serangan jantung pembuluh darah pecah ginjal penyakit lainnya bahkan badan sering lemas ini bill gates untung besar juga pejabat dokter menyetujui ide bill gates,Mon Jul 21 10:45:16 +0000 2025
kamar kuramata isa akiko takum memiliki suara seseorang mengetuk dinding sedang membersihkan bak mandi soka gakkai jepang sekte korea adalah pelaku menyebarkan vaksin moderna penguntitan berkelompok pelecehan covid world health organization bill gates depopulasi,Sun Jul 20 12:17:58 +0000 2025
masa iya apa mulai cari alasan buat bikin wajib vaksin   jakarta titipan bill gates jangan   gaes   sayangi tubuh kalian sendiri kalau bapil bismillah minum air kelapa ijo beres,Thu Jul 17 10:11:44 +0000 2025
buat ngobatin korban vaksin bill gates  ,Thu Jul 17 06:54:20 +0000 2025
kemarin kurangin pajak trump rela pindahkan palestina   kemarin cuman beberapa triliun rela rakyatnya jadi percobaan vaksin bill gates kemarin ingin keluarin     trump lalu   terkena prank akhirnya tembaga gratis   trump uud tembaga untuk kemakmuran rakyat bukan  ,Thu Jul 17 02:28:32 +0000 2025
bunyi   diketatkan datang bilik kuramata isa akiko takumi soka gakkai jepun kultus korea adalah punca menyebarkan vaksin moderna mengintai kumpulan gangguan covid world health organization bill gates usaid pengurangan populasi pemerdagangan manusia,Wed Jul 16 20:52:07 +0000 2025
populasi berkembang ekonomi siapa diuntungkan nantinya anak anak hasil nikah massal pada gede jadi calon permainan angka jadi aset pemilu halo bill gates banyak nih kelinci percobaan silahkan pengujian vaksin terbaru kalian,Wed Jul 16 10:43:31 +0000 2025
kemaren   monokotil jual tumbal buat vaksin bill gates sekarang monokotil sinting,Wed Jul 16 08:20:10 +0000 2025
tetep skeptis sama skenario apapun menyangkut negri paman sam produk agrikulturnya dah hasil rekayasa industri biologis blum jadi kelinci percobaan vaksin bill gates terus   kere digencet pemerentahan korupsi cuman peduli kroni terkena jerat utang mainland,Wed Jul 16 08:09:29 +0000 2025
hey jhon masih mending bayar dapet barang kemaren rakyat dijual mentah sama bill gates buat dijadiin kelinci percobaan vaksin,Wed Jul 16 05:10:39 +0000 2025
yang pantes   pakai pengujian coba vaksin bill gates,Wed Jul 16 01:06:13 +0000 2025
suaran sekrup sane kagentosin punika mawit saking ruang kuramata isa akiko takumi soka gakkai ring jepang inggih punika kultus korea ipun sane dados pelaku sane nyebar vaksin moderna punika kelompok sane ngintipin pelecehan covid world health organization bill gates usaid depopulasi,Mon Jul 14 13:09:09 +0000 2025
swara sekrup sing dikencengi saka kamar kuramata isa akiko takumi soka gakkai jepang minangka kultus korea dheweke minangka panyebab sing nyebarake vaksin moderna grup stalking pelecehan covid world health organization bill gates usaid depopulasi perdagangan manungsa imigrasi ilegal,Sat Jul 12 22:34:28 +0000 2025
suara sekrup dikencangkan berasal kamar kuramata isa akiko takumi soka gakkai jepang sekte korea adalah pelaku menyebarkan vaksin moderna penguntitan berkelompok pelecehan covid world health organization bill gates usaid depopulasi perdagangan manusia,Fri Jul 11 11:08:54 +0000 2025
hasil pengujian coba vaksin tuberkulosis didanai bill gates diumumkan akhir via malang melintang,Fri Jul 11 06:10:30 +0000 2025
dikasih duit disodorin vaksin tuberkulosis   pengujian coba   rakyat sama bill gates diam nurut sekarang ngomong berdiri   atas kaki sendiri jangan jadi kacung united states   america tentang impor kebutuhan pangan lain nya kalau berdiri sendiri   stop impor,Fri Jul 11 00:17:50 +0000 2025
copy terjemahan berada   pengadilan tempat bill gates ursula von der leyen menghadapi tuduhan menyebarkan vaksin pfizer mematikan,Thu Jul 10 13:41:19 +0000 2025
copy translation bill gates mengunjungi indonesia membahas kesehatan pembangunan berkelanjutan gates memuji inisiatif kesehatan negara tersebut mengumumkan rencana pengujian coba vaksin tuberkulosis,Tue Jul 08 22:51:06 +0000 2025
ada bukti bill gates merusak indonesia lewat vaksin teori konspirasi sering salah paham pidatonya vaksin turunkan kematian anak bikin keluarga punya anak lebih sedikit bukan bunuh orang baru baru pengujian coba vaksin tuberkulosis didanai yayasannya   indonesia,Tue Jul 08 12:57:24 +0000 2025
bill gates merusak indonesia vaksin,Tue Jul 08 12:46:51 +0000 2025
cocok buat lokasi vaksin tuberkulosis bill gates admin,Tue Jul 08 01:54:28 +0000 2025
bill gates menjalin kerjasama kementerian kesehatan vaksin tuberkulosis,Sun Jul 06 18:20:12 +0000 2025
kamar kuramata isa akiko takum wenten suara anak sane ngebug tembok ngresikin pemandian soka gakkai jepang inggih punika organisasi agama korea silih sinunggilnyane komeito inggih punika pelaku sane nyebar vaksin moderna fentanil covid world health organization bill gates cia,Sat Jul 05 22:49:34 +0000 2025
kamar kuramata isa akiko taku keprungu swarane wong nuthuk tembok ngresiki adus soka gakkai ing jepang minangka organisasi agama korea salah sijine komeito yaiku panyebaran vaksin moderna fentanyl covid world health organization bill gates cia depopulasi perdagangan manungsa,Fri Jul 04 01:22:10 +0000 2025
kamar kuramata isa akiko taku memiliki suara seseorang mengetuk dinding membersihkan kamar mandi soka gakkai jepang organisasi keagamaan korea salah satunya komeito pelaku menyebarkan vaksin moderna fentanyl covid world health organization bill gates usaid,Thu Jul 03 01:46:28 +0000 2025
kembiskes bangga gelar forum bersama bill gates luncurkan vaksin human papillomavirus tunggal baru mulai akhir tahun jaminan selamatkan perempuan kesuburan gratis sponsor bill gates,Wed Jul 02 11:14:23 +0000 2025
aku takut ketapel ajaib namboru sedang antri vaksin bill gates,Wed Jul 02 08:50:01 +0000 2025
assalamu alaikum dokter isunya mulai sakit abis pulang layat paus mungkin dokter terus apa sudah tenggak   sampe kampung ampe sebegitunya dokter kalau mungkin   jadi   dokter apa mungkin tuberkulosis kulit vaksin bill gates dong     dokter,Tue Jul 01 05:38:36 +0000 2025
dokter kathryn terhormat ada kemungkinan walaupun kecil itp ade penyakit menyerupai demam berdarah demam berdarah   terjadi vaksinasi novel oral poliomyelitis vaccine vaksin polio oral baru didanai bill gates,Tue Jul 01 03:21:51 +0000 2025
